pos	truth	CORTEX	nullarbor	PHE	COMPASS	ALL_AGREE
1742	None	G1742A	G1742A	G1742A	G1742A	False
1977	A1977G	A1977G	A1977G	A1977G	A1977G	True
4013	T4013C	T4013C	T4013C	T4013C	T4013C	True
5520	C5520T	C5520T	C5520T	C5520T	C5520T	True
7222	C7222T	C7222T	C7222T	C7222T	C7222T	True
7362	G7362C	G7362C	G7362C	G7362C	G7362C	True
7585	G7585C	G7585C	G7585C	G7585C	G7585C	True
9304	G9304A	G9304A	G9304A	G9304A	G9304A	True
11879	A11879G	A11879G	A11879G	A11879G	A11879G	True
14251	G14251A	G14251A	G14251A	G14251A	G14251A	True
15225	G15225A	G15225A	G15225A	G15225A	G15225A	True
21795	G21795A	G21795A	G21795A	G21795A	G21795A	True
26959	C26959G	C26959G	C26959G	C26959G	C26959G	True
33457	C33457T	C33457T	C33457T	C33457T	C33457T	True
33551	T33551G	T33551G	T33551G	T33551G	T33551G	True
34044	T34044C	T34044C	T34044C	T34044C	T34044C	True
37031	C37031G	C37031G	C37031G	C37031G	C37031G	True
41257	A41257G	A41257G	A41257G	A41257G	A41257G	True
42967	G42967C	G42967C	G42967C	G42967C	G42967C	True
47699	G47699A	G47699A	G47699A	G47699A	G47699A	True
55533	None	T55533TGCCGCC	.	.	.	False
62046	A62046G	A62046G	A62046G	A62046G	A62046G	True
63768	C63768T	C63768T	C63768T	C63768T	C63768T	True
69022	G69022C	G69022C	G69022C	G69022C	G69022C	True
69483	None	C69483CG	C69483CG	.	.	False
70813	A70813G	A70813G	A70813G	A70813G	A70813G	True
71333	G71333C	G71333C	G71333C	G71333C	G71333C	True
71581	None	C71581CCGAGCGCTGTTCTGGCGCTAATCTGACGCTAGAATAG	.	.	.	False
74056	C74056T	C74056T	C74056T	C74056T	C74056T	True
75937	G75937C	G75937C	G75937C	G75937C	G75937C	True
80613	C80613G	C80613G	C80613G	C80613G	C80613G	True
92196	T92196G	T92196G	T92196G	T92196G	T92196G	True
102185	C102185A	C102185A	C102185A	C102185A	C102185A	True
103833	None	.	.	G103833T	.	False
103876	None	.	.	C103876T	.	False
104709	None	.	.	C104709T	.	False
104814	None	.	T104814G	T104814G	.	False
104821	None	.	C104821A	C104821A	.	False
113835	C113835T	C113835T	C113835T	C113835T	C113835T	True
122106	A122106G	A122106G	A122106G	A122106G	A122106G	True
125827	None	G125827GA	G125827GA	.	.	False
133837	C133837T	C133837T	C133837T	C133837T	C133837T	True
133860	G133860A	G133860A	G133860A	G133860A	G133860A	True
144802	C144802G	C144802G	C144802G	C144802G	C144802G	True
146085	T146085C	T146085C	T146085C	T146085C	T146085C	True
147653	G147653C	G147653C	G147653C	G147653C	G147653C	True
154281	T154281C	T154281C	T154281C	T154281C	T154281C	True
157290	C157290T	C157290T	C157290T	C157290T	C157290T	True
162579	G162579A	G162579A	G162579A	G162579A	G162579A	True
165663	A165663G	A165663G	A165663G	A165663G	A165663G	True
168692	G168692T	G168692T	G168692T	G168692T	G168692T	True
177855	G177855A	G177855A	G177855A	G177855A	G177855A	True
180023	C180023T	C180023T	C180023T	C180023T	C180023T	True
188798	T188798C	T188798C	T188798C	T188798C	T188798C	True
194679	G194679C	G194679C	G194679C	G194679C	G194679C	True
196640	C196640T	C196640T	C196640T	C196640T	C196640T	True
203267	C203267T	C203267T	C203267T	C203267T	C203267T	True
206337	T206337C	T206337C	T206337C	T206337C	T206337C	True
207224	T207224C	T207224C	T207224C	T207224C	T207224C	True
212351	C212351T	C212351T	C212351T	C212351T	C212351T	True
223940	T223940C	T223940C	T223940C	T223940C	T223940C	True
225321	T225321C	T225321C	T225321C	T225321C	T225321C	True
227096	T227096C	T227096C	T227096C	T227096C	T227096C	True
231112	C231112G	C231112G	C231112G	C231112G	C231112G	True
243118	G243118A	G243118A	G243118A	G243118A	G243118A	True
243535	C243535T	C243535T	C243535T	C243535T	C243535T	True
244719	G244719A	G244719A	G244719A	G244719A	G244719A	True
244911	G244911C	G244911C	G244911C	G244911C	G244911C	True
261869	T261869C	T261869C	T261869C	T261869C	T261869C	True
265154	G265154C	G265154C	G265154C	G265154C	G265154C	True
265554	A265554C	A265554C	A265554C	A265554C	A265554C	True
278681	C278681G	C278681G	C278681G	C278681G	C278681G	True
283614	T283614C	T283614C	T283614C	T283614C	T283614C	True
285772	A285772C	A285772C	A285772C	A285772C	A285772C	True
285871	A285871G	A285871G	A285871G	A285871G	A285871G	True
285876	C285876T	C285876T	C285876T	C285876T	C285876T	True
287904	T287904C	T287904C	T287904C	T287904C	T287904C	True
293704	None	CT293704C	CT293704C	.	.	False
295917	C295917T	C295917T	C295917T	C295917T	C295917T	True
302660	T302660C	T302660C	T302660C	T302660C	T302660C	True
310973	G310973A	G310973A	G310973A	G310973A	G310973A	True
311613	G311613T	G311613T	G311613T	G311613T	G311613T	True
312916	A312916G	A312916G	A312916G	A312916G	A312916G	True
316129	C316129G	C316129G	C316129G	C316129G	C316129G	True
326039	C326039T	C326039T	C326039T	C326039T	C326039T	True
332759	A332759G	.	A332759G	A332759G	A332759G	False
334641	G334641C	.	.	.	.	False
337820	G337820A	G337820A	G337820A	G337820A	.	False
338533	C338533T	C338533T	C338533T	C338533T	.	False
340372	T340372C	T340372C	T340372C	T340372C	T340372C	True
346275	C346275G	C346275G	C346275G	C346275G	C346275G	True
356528	A356528G	A356528G	A356528G	A356528G	A356528G	True
361596	C361596T	C361596T	C361596T	C361596T	C361596T	True
370888	None	GCGAAGCCCAGGTTGTCGTTGCCCAAGTTTCCGAAGCCGACGTTGTAGCTGCCGAGGTTTC370888G	.	.	.	False
370905	None	.	G370905A	G370905A	G370905A	False
370907	None	.	T370907C	T370907C	T370907C	False
370911	None	.	C370911G	C370911G	C370911G	False
370928	None	.	C370928T	C370928T	C370928T	False
370935	None	.	G370935A	G370935A	.	False
371265	C371265T	C371265T	C371265T	C371265T	C371265T	True
373282	None	.	TA373282T	.	.	False
376774	T376774C	T376774C	T376774C	T376774C	T376774C	True
384380	A384380C	A384380C	A384380C	A384380C	A384380C	True
386432	C386432G	C386432G	C386432G	C386432G	C386432G	True
392914	C392914T	C392914T	C392914T	C392914T	C392914T	True
403980	G403980A	G403980A	G403980A	G403980A	G403980A	True
404326	T404326C	T404326C	T404326C	T404326C	T404326C	True
408723	C408723T	C408723T	C408723T	C408723T	C408723T	True
414486	C414486T	C414486T	C414486T	C414486T	C414486T	True
420008	A420008G	A420008G	A420008G	A420008G	A420008G	True
429248	C429248T	C429248T	C429248T	C429248T	C429248T	True
444352	G444352T	G444352T	G444352T	G444352T	G444352T	True
453781	A453781G	A453781G	A453781G	A453781G	A453781G	True
454296	T454296C	T454296C	T454296C	T454296C	T454296C	True
457033	T457033C	T457033C	T457033C	T457033C	T457033C	True
457453	T457453G	T457453G	T457453G	T457453G	T457453G	True
466097	C466097T	C466097T	C466097T	C466097T	C466097T	True
472708	T472708C	T472708C	T472708C	T472708C	T472708C	True
475181	T475181C	T475181C	T475181C	T475181C	T475181C	True
476049	None	.	C476049G	C476049G	.	False
489938	G489938C	G489938C	G489938C	G489938C	G489938C	True
498560	C498560A	C498560A	C498560A	C498560A	C498560A	True
502592	C502592G	C502592G	C502592G	C502592G	C502592G	True
503357	G503357C	G503357C	G503357C	G503357C	G503357C	True
513260	T513260C	T513260C	T513260C	T513260C	T513260C	True
515128	T515128G	T515128G	T515128G	T515128G	T515128G	True
515382	G515382T	G515382T	G515382T	G515382T	G515382T	True
530713	None	CT530713C	CT530713C	.	.	False
533784	T533784C	T533784C	T533784C	T533784C	T533784C	True
534694	C534694T	C534694T	C534694T	C534694T	C534694T	True
541204	A541204G	A541204G	A541204G	A541204G	A541204G	True
544686	A544686G	A544686G	A544686G	A544686G	A544686G	True
551528	A551528C	A551528C	A551528C	A551528C	A551528C	True
563423	T563423C	T563423C	T563423C	T563423C	T563423C	True
573265	A573265G	A573265G	A573265G	A573265G	A573265G	True
580775	None	.	T580775A	.	.	False
580776	None	.	GGGGGCACCACCCGCTTGCGGGGGA580776G	.	.	False
584441	G584441A	G584441A	G584441A	G584441A	G584441A	True
589539	G589539A	G589539A	G589539A	G589539A	G589539A	True
590439	T590439C	T590439C	T590439C	T590439C	T590439C	True
597819	A597819G	A597819G	A597819G	A597819G	A597819G	True
598478	G598478A	G598478A	G598478A	G598478A	G598478A	True
610123	T610123G	T610123G	T610123G	T610123G	T610123G	True
630725	G630725C	G630725C	G630725C	G630725C	G630725C	True
635636	T635636C	T635636C	T635636C	T635636C	T635636C	True
637322	G637322A	G637322A	G637322A	G637322A	G637322A	True
637925	C637925T	C637925T	C637925T	C637925T	C637925T	True
646246	T646246C	T646246C	T646246C	T646246C	T646246C	True
648005	T648005G	T648005G	T648005G	T648005G	T648005G	True
664252	C664252T	C664252T	C664252T	C664252T	C664252T	True
665296	A665296G	A665296G	A665296G	A665296G	A665296G	True
669401	T669401C	T669401C	T669401C	T669401C	T669401C	True
673241	A673241G	A673241G	A673241G	A673241G	A673241G	True
685464	C685464G	C685464G	C685464G	C685464G	C685464G	True
685611	T685611C	.	T685611C	T685611C	T685611C	False
686975	T686975C	.	T686975C	T686975C	T686975C	False
690468	T690468G	T690468G	T690468G	T690468G	T690468G	True
698971	G698971A	G698971A	G698971A	G698971A	G698971A	True
701339	None	C701339T	C701339T	C701339T	.	False
705598	C705598T	C705598T	C705598T	C705598T	C705598T	True
709229	G709229A	G709229A	G709229A	G709229A	G709229A	True
712776	T712776C	T712776C	T712776C	T712776C	T712776C	True
726706	C726706A	C726706A	C726706A	C726706A	C726706A	True
752346	A752346G	A752346G	A752346G	A752346G	A752346G	True
754189	A754189G	A754189G	A754189G	A754189G	A754189G	True
761158	C761158T	C761158T	C761158T	C761158T	C761158T	True
764998	C764998G	C764998G	C764998G	C764998G	C764998G	True
773812	G773812A	G773812A	G773812A	G773812A	G773812A	True
775642	T775642C	T775642C	T775642C	T775642C	T775642C	True
781398	T781398C	T781398C	T781398C	T781398C	T781398C	True
784584	G784584C	G784584C	G784584C	G784584C	G784584C	True
786824	None	G786824T	.	.	.	False
792125	G792125A	G792125A	G792125A	G792125A	G792125A	True
796512	G796512T	G796512T	G796512T	G796512T	G796512T	True
814644	T814644C	T814644C	T814644C	T814644C	T814644C	True
820486	G820486T	G820486T	G820486T	G820486T	G820486T	True
839952	C839952G	.	C839952G	C839952G	C839952G	False
841767	G841767C	G841767C	G841767C	G841767C	G841767C	True
842114	None	.	C842114G	C842114G	.	False
848655	A848655G	A848655G	A848655G	A848655G	A848655G	True
852913	C852913T	C852913T	C852913T	C852913T	C852913T	True
853472	C853472A	C853472A	C853472A	C853472A	C853472A	True
854255	None	GC854255G	GC854255G	.	.	False
857699	A857699G	A857699G	A857699G	A857699G	A857699G	True
874838	None	C874838CCG	.	.	.	False
880565	G880565T	G880565T	G880565T	G880565T	G880565T	True
882260	T882260C	T882260C	T882260C	T882260C	T882260C	True
885545	G885545C	G885545C	G885545C	G885545C	G885545C	True
893736	T893736G	T893736G	T893736G	T893736G	T893736G	True
900224	T900224C	T900224C	T900224C	T900224C	T900224C	True
903553	T903553C	T903553C	T903553C	T903553C	T903553C	True
903916	T903916C	T903916C	T903916C	T903916C	T903916C	True
906860	A906860G	A906860G	A906860G	A906860G	A906860G	True
921816	None	.	C921816G	C921816G	.	False
926902	None	CGGCGGGGCCGGCGGGTCCGGCGTCAGCGGCGGGGCTGGCGGGGAG926902C	.	.	.	False
926918	None	.	T926918G	.	.	False
927388	A927388G	A927388G	A927388G	A927388G	A927388G	True
928528	C928528T	C928528T	C928528T	C928528T	C928528T	True
929998	None	GCGGCACCCC929998G	GCGGCACCCC929998G	.	.	False
942482	T942482C	T942482C	T942482C	T942482C	T942482C	True
945217	G945217A	G945217A	G945217A	G945217A	G945217A	True
947432	T947432A	T947432A	T947432A	T947432A	T947432A	True
947433	C947433A	C947433A	C947433A	C947433A	C947433A	True
949538	T949538C	T949538C	T949538C	T949538C	T949538C	True
955527	A955527G	A955527G	A955527G	A955527G	A955527G	True
958925	A958925C	A958925C	A958925C	A958925C	A958925C	True
968429	None	A968429AGCCGGGTTG	A968429AGCCGGGTTG	.	.	False
976900	None	T976900TG	.	.	.	False
979707	G979707C	G979707C	G979707C	G979707C	G979707C	True
980103	C980103T	C980103T	C980103T	C980103T	C980103T	True
980363	G980363T	G980363T	G980363T	G980363T	G980363T	True
986466	G986466C	G986466C	G986466C	G986466C	G986466C	True
986566	C986566T	C986566T	C986566T	C986566T	C986566T	True
993349	A993349C	A993349C	A993349C	A993349C	A993349C	True
1037016	T1037016C	T1037016C	T1037016C	T1037016C	T1037016C	True
1047169	T1047169C	T1047169C	T1047169C	T1047169C	T1047169C	True
1047687	G1047687T	G1047687T	G1047687T	G1047687T	G1047687T	True
1055676	C1055676A	C1055676A	C1055676A	C1055676A	C1055676A	True
1061680	None	GTGC1061680G	GTGC1061680G	.	.	False
1068155	T1068155C	T1068155C	T1068155C	T1068155C	T1068155C	True
1068436	A1068436G	A1068436G	A1068436G	A1068436G	A1068436G	True
1070480	C1070480T	C1070480T	C1070480T	C1070480T	C1070480T	True
1070706	T1070706C	T1070706C	T1070706C	T1070706C	T1070706C	True
1074562	G1074562A	G1074562A	G1074562A	G1074562A	G1074562A	True
1075283	T1075283C	T1075283C	T1075283C	T1075283C	T1075283C	True
1076313	G1076313T	G1076313T	G1076313T	G1076313T	G1076313T	True
1077316	A1077316G	A1077316G	A1077316G	A1077316G	A1077316G	True
1079931	C1079931A	C1079931A	C1079931A	C1079931A	C1079931A	True
1081685	T1081685C	T1081685C	T1081685C	T1081685C	T1081685C	True
1087197	G1087197C	G1087197C	G1087197C	G1087197C	G1087197C	True
1090176	G1090176A	G1090176A	G1090176A	G1090176A	G1090176A	True
1093326	C1093326T	C1093326T	C1093326T	C1093326T	C1093326T	True
1093911	None	.	T1093911C	.	.	False
1095665	None	.	.	G1095665A	.	False
1095691	None	.	G1095691C	G1095691C	.	False
1096402	None	.	.	C1096402T	.	False
1096512	None	.	.	C1096512G	.	False
1096514	None	.	.	T1096514C	.	False
1096637	None	.	T1096637G	.	.	False
1100238	T1100238C	T1100238C	T1100238C	T1100238C	T1100238C	True
1101836	None	TA1101836T	TA1101836T	.	.	False
1103253	C1103253T	C1103253T	C1103253T	C1103253T	C1103253T	True
1106426	T1106426C	T1106426C	T1106426C	T1106426C	T1106426C	True
1107438	A1107438T	A1107438T	A1107438T	A1107438T	A1107438T	True
1107921	G1107921T	G1107921T	G1107921T	G1107921T	G1107921T	True
1109979	A1109979G	A1109979G	A1109979G	A1109979G	A1109979G	True
1118030	T1118030C	T1118030C	T1118030C	T1118030C	T1118030C	True
1126893	G1126893C	G1126893C	G1126893C	G1126893C	G1126893C	True
1127652	C1127652A	C1127652A	C1127652A	C1127652A	C1127652A	True
1142270	A1142270C	A1142270C	A1142270C	A1142270C	A1142270C	True
1149555	C1149555T	C1149555T	C1149555T	C1149555T	C1149555T	True
1150589	G1150589A	G1150589A	G1150589A	G1150589A	G1150589A	True
1157772	A1157772C	A1157772C	A1157772C	A1157772C	A1157772C	True
1163138	T1163138C	T1163138C	T1163138C	T1163138C	T1163138C	True
1163408	C1163408G	C1163408G	C1163408G	C1163408G	C1163408G	True
1164813	None	.	.	T1164813G	.	False
1165525	None	.	T1165525TA	.	.	False
1178121	T1178121C	T1178121C	T1178121C	T1178121C	T1178121C	True
1190098	None	.	A1190098C	A1190098C	.	False
1199552	G1199552A	G1199552A	G1199552A	G1199552A	G1199552A	True
1200423	A1200423G	A1200423G	A1200423G	A1200423G	A1200423G	True
1205274	C1205274T	C1205274T	C1205274T	C1205274T	C1205274T	True
1212081	G1212081A	.	G1212081A	G1212081A	G1212081A	False
1213684	None	T1213684TCGGCGACGGCGGCGCCGGTGGCGGCGGCGGGGCCGGCGGCATCGG	.	.	.	False
1218742	G1218742T	G1218742T	G1218742T	G1218742T	G1218742T	True
1220685	T1220685C	T1220685C	T1220685C	T1220685C	T1220685C	True
1224372	T1224372C	T1224372C	T1224372C	T1224372C	T1224372C	True
1231354	G1231354A	G1231354A	G1231354A	G1231354A	G1231354A	True
1232501	T1232501C	T1232501C	T1232501C	T1232501C	T1232501C	True
1248983	T1248983C	T1248983C	T1248983C	T1248983C	T1248983C	True
1264985	None	TCGC1264985T	TCGC1264985T	.	.	False
1276688	None	.	.	T1276688G	.	False
1276689	None	.	.	G1276689C	.	False
1277735	None	.	G1277735T	G1277735T	.	False
1277736	None	.	G1277736A	G1277736A	.	False
1278588	None	.	.	A1278588C	.	False
1281123	T1281123C	T1281123C	T1281123C	T1281123C	T1281123C	True
1290331	G1290331A	.	G1290331A	G1290331A	G1290331A	False
1292107	A1292107G	.	A1292107G	A1292107G	A1292107G	False
1307603	C1307603G	C1307603G	C1307603G	C1307603G	C1307603G	True
1327896	G1327896A	G1327896A	G1327896A	G1327896A	G1327896A	True
1328693	G1328693C	G1328693C	G1328693C	G1328693C	G1328693C	True
1334266	C1334266A	C1334266A	C1334266A	C1334266A	C1334266A	True
1339405	None	.	C1339405T	C1339405T	.	False
1340658	None	.	AG1340658A	.	.	False
1340663	None	.	A1340663G	A1340663G	.	False
1340673	None	.	A1340673G	A1340673G	.	False
1354443	A1354443C	A1354443C	A1354443C	A1354443C	A1354443C	True
1354771	C1354771G	C1354771G	C1354771G	C1354771G	C1354771G	True
1357120	C1357120T	.	C1357120T	C1357120T	C1357120T	False
1357255	None	A1357255AC	.	.	.	False
1360215	T1360215C	T1360215C	T1360215C	T1360215C	T1360215C	True
1365843	None	C1365843CG	.	.	.	False
1374071	T1374071C	T1374071C	T1374071C	T1374071C	T1374071C	True
1375730	A1375730C	A1375730C	A1375730C	A1375730C	A1375730C	True
1382634	T1382634C	T1382634C	T1382634C	T1382634C	T1382634C	True
1384134	C1384134G	C1384134G	C1384134G	C1384134G	C1384134G	True
1389744	G1389744A	G1389744A	G1389744A	G1389744A	G1389744A	True
1393632	A1393632G	A1393632G	A1393632G	A1393632G	A1393632G	True
1396928	T1396928C	T1396928C	T1396928C	T1396928C	T1396928C	True
1404175	T1404175G	T1404175G	T1404175G	T1404175G	T1404175G	True
1411216	T1411216G	T1411216G	T1411216G	T1411216G	T1411216G	True
1413154	C1413154T	C1413154T	C1413154T	C1413154T	C1413154T	True
1425716	C1425716G	C1425716G	C1425716G	C1425716G	C1425716G	True
1428512	G1428512T	G1428512T	G1428512T	G1428512T	G1428512T	True
1440156	T1440156C	T1440156C	T1440156C	T1440156C	T1440156C	True
1440475	C1440475G	C1440475G	C1440475G	C1440475G	C1440475G	True
1443710	C1443710T	C1443710T	C1443710T	C1443710T	C1443710T	True
1445480	G1445480A	G1445480A	G1445480A	G1445480A	G1445480A	True
1445787	A1445787G	A1445787G	A1445787G	A1445787G	A1445787G	True
1446929	T1446929G	T1446929G	T1446929G	T1446929G	T1446929G	True
1451548	C1451548T	C1451548T	C1451548T	C1451548T	C1451548T	True
1452077	C1452077A	C1452077A	C1452077A	C1452077A	C1452077A	True
1457150	C1457150T	C1457150T	C1457150T	C1457150T	C1457150T	True
1468214	None	.	A1468214C	A1468214C	.	False
1472343	C1472343T	C1472343T	C1472343T	C1472343T	C1472343T	True
1480030	G1480030T	G1480030T	G1480030T	G1480030T	G1480030T	True
1480951	C1480951G	.	.	.	.	False
1480954	C1480954T	.	.	.	.	False
1481191	A1481191C	.	A1481191C	A1481191C	A1481191C	False
1482633	T1482633C	T1482633C	T1482633C	T1482633C	T1482633C	True
1484714	A1484714C	A1484714C	A1484714C	A1484714C	A1484714C	True
1499280	C1499280G	C1499280G	C1499280G	C1499280G	C1499280G	True
1502786	None	AGCGGCATATCCCGATGACCAATGCCGAGCGCTCGCCGACCTTCTACCGGTTGGATTCCGGTGAGCAACTGAAGGTGTGGCGGGCTATGGAAGATGCCGACGAGGTCCCGGTCGTCATCTATCACTCGCACACTGCGACCGAAGCGTACCCGAGCCGTACGGACGTGAAGCTTGCCACCGAACCCGACGCGCACTACGTGCTGGTGTCCACCCGCGACCCGCACCGGCACGAGCTACGCAGCTACCGCATCGTCGATGGCGCTGTCACCGAGGAACCTGTCAATGTCGTCGAGCAGTACTGAACCGTTCCGAGAAAGGCCAGCATGAACGTCACCGTATCCATTCCGACCATCCTGCGGCCCCACACCGGCGGCCAGAAGAGTGTCTCGGCCAGCGGCGATACCTTGGGTGCCGTCATCAGCGACCTGGAGGCCAACTATTCGGGCATTTCCGAGCGCCTGATGGACCCGTCTTCCCCAGGTAAGTTGCACCGCTTCGTGAACATCTACGTCAACGACGAGGACGTGCGGTTCTCCGGCGGCTTGGCCACCGCGATCGCTGACGGTGACTCGGTCACCATCCTCCCCGCCGTGGCCGGTGGGTGAGCGGAGCACATGACACGATACGACTCGCTGTTGCAGGCCTTGGGCAACACGCCGCTGGTTGGCCTGCAGCGATTGTCGCCACGCTGGGATGACGGGCGAGACGGACCGCACGTGCGGCTGTGGGCCAAGCTCGAGGACCGCAATCCGACCGGGTCGATCAAGGACCGCCCGGCTGTGCGGATGATCGAGCAGGCCGAGGCCGACGGGTTGTTGCGGCCGGGCGCCACCATCCTGGAGCCCACCAGCGGAAACACCGGCATTTCGCTGGCGATGGCGGCCCGGTTGAAGGGGTACCGATTGATCTGCGTGATGCCGGAGAACACATCGGTTGAACGGCGGCAGCTGCTCGAGCTCTACGGCGCGCAGATTATCTTCTCGGCGGCCGAAGGCGGGTCCAACACTGCGGTGGCCACCGCCAAAGAGCTGGCCGCGACCAACCCGTCATGGGTGATGCTGTACCAGTACGGCAATCCCGCCAACACCGACTCGCACTACT1502786A	.	.	.	False
1512037	T1512037G	T1512037G	T1512037G	T1512037G	T1512037G	True
1526825	C1526825A	C1526825A	C1526825A	C1526825A	C1526825A	True
1527455	None	G1527455GT	G1527455GT	.	.	False
1533247	None	.	G1533247C	G1533247C	.	False
1533589	None	.	G1533589A	G1533589A	.	False
1536257	G1536257T	G1536257T	G1536257T	G1536257T	G1536257T	True
1547131	T1547131C	T1547131C	T1547131C	T1547131C	T1547131C	True
1552553	G1552553A	G1552553A	G1552553A	G1552553A	G1552553A	True
1563723	C1563723T	C1563723T	C1563723T	C1563723T	C1563723T	True
1570572	C1570572A	C1570572A	C1570572A	C1570572A	C1570572A	True
1573666	T1573666G	T1573666G	T1573666G	T1573666G	T1573666G	True
1586255	C1586255T	C1586255T	C1586255T	C1586255T	C1586255T	True
1588905	G1588905T	G1588905T	G1588905T	G1588905T	G1588905T	True
1592021	C1592021T	C1592021T	C1592021T	C1592021T	C1592021T	True
1592459	T1592459C	T1592459C	T1592459C	T1592459C	T1592459C	True
1592460	C1592460A	C1592460A	C1592460A	C1592460A	C1592460A	True
1609846	A1609846G	A1609846G	A1609846G	A1609846G	A1609846G	True
1612630	None	T1612630TATCGGTACCGGTGCGCCAGGG	.	.	.	False
1613041	T1613041C	T1613041C	T1613041C	T1613041C	T1613041C	True
1613966	G1613966T	G1613966T	G1613966T	G1613966T	G1613966T	True
1624797	C1624797G	C1624797G	C1624797G	C1624797G	C1624797G	True
1625025	G1625025A	G1625025A	G1625025A	G1625025A	G1625025A	True
1630154	A1630154C	A1630154C	A1630154C	A1630154C	A1630154C	True
1632524	None	T1632524TGGCGCCGTTGCCGCCGGCCCCACCGTC	.	.	.	False
1636857	G1636857C	.	.	.	.	False
1636862	G1636862C	.	.	.	.	False
1636866	A1636866G	.	.	.	.	False
1636867	T1636867C	.	.	.	.	False
1636868	G1636868C	.	.	.	.	False
1636874	C1636874G	.	.	.	.	False
1636877	A1636877G	.	.	.	.	False
1636880	G1636880A	.	.	.	.	False
1636884	G1636884A	.	.	.	.	False
1636886	G1636886C	.	.	.	.	False
1636887	A1636887G	.	.	.	.	False
1636924	C1636924T	.	.	.	.	False
1636986	G1636986T	.	.	.	.	False
1636987	G1636987T	.	.	.	.	False
1636989	C1636989G	.	.	.	.	False
1637094	G1637094A	.	.	.	.	False
1637095	G1637095C	.	.	.	.	False
1637096	G1637096C	.	.	.	.	False
1637105	C1637105A	.	.	.	.	False
1637119	C1637119G	.	.	.	.	False
1637130	T1637130C	.	.	.	.	False
1637138	A1637138G	.	.	.	.	False
1639600	C1639600A	C1639600A	C1639600A	C1639600A	C1639600A	True
1645808	T1645808C	T1645808C	T1645808C	T1645808C	T1645808C	True
1650078	A1650078G	A1650078G	A1650078G	A1650078G	A1650078G	True
1666020	G1666020C	G1666020C	G1666020C	G1666020C	G1666020C	True
1676296	C1676296A	C1676296A	C1676296A	C1676296A	C1676296A	True
1689355	C1689355T	C1689355T	C1689355T	C1689355T	C1689355T	True
1692147	A1692147C	A1692147C	A1692147C	A1692147C	A1692147C	True
1692211	G1692211A	G1692211A	G1692211A	G1692211A	G1692211A	True
1692801	G1692801C	G1692801C	G1692801C	G1692801C	G1692801C	True
1693567	A1693567G	A1693567G	A1693567G	A1693567G	A1693567G	True
1698917	G1698917A	G1698917A	G1698917A	G1698917A	G1698917A	True
1706125	T1706125C	T1706125C	T1706125C	T1706125C	T1706125C	True
1708805	G1708805T	G1708805T	G1708805T	G1708805T	G1708805T	True
1710076	C1710076G	C1710076G	C1710076G	C1710076G	C1710076G	True
1711633	T1711633C	T1711633C	T1711633C	T1711633C	T1711633C	True
1718767	C1718767T	C1718767T	C1718767T	C1718767T	C1718767T	True
1728843	A1728843G	A1728843G	A1728843G	A1728843G	A1728843G	True
1735000	C1735000T	C1735000T	C1735000T	C1735000T	C1735000T	True
1740777	A1740777C	A1740777C	A1740777C	A1740777C	A1740777C	True
1752567	T1752567C	T1752567C	T1752567C	T1752567C	T1752567C	True
1753525	None	G1753525GC	.	.	.	False
1759258	G1759258T	G1759258T	G1759258T	G1759258T	G1759258T	True
1760298	A1760298G	A1760298G	A1760298G	A1760298G	A1760298G	True
1778436	T1778436C	T1778436C	T1778436C	T1778436C	T1778436C	True
1778563	C1778563T	C1778563T	C1778563T	C1778563T	C1778563T	True
1789523	None	.	.	A1789523G	.	False
1789571	None	.	.	C1789571T	.	False
1789572	None	.	.	C1789572A	.	False
1789657	None	.	.	C1789657T	.	False
1789661	None	.	.	A1789661G	.	False
1789678	None	.	.	C1789678T	.	False
1789682	None	.	.	A1789682C	.	False
1789685	None	.	.	C1789685G	.	False
1793776	C1793776T	C1793776T	C1793776T	C1793776T	C1793776T	True
1798362	G1798362A	G1798362A	G1798362A	G1798362A	G1798362A	True
1799813	C1799813T	C1799813T	C1799813T	C1799813T	C1799813T	True
1801713	G1801713T	G1801713T	G1801713T	G1801713T	G1801713T	True
1803272	G1803272A	G1803272A	G1803272A	G1803272A	G1803272A	True
1804416	C1804416A	C1804416A	C1804416A	C1804416A	C1804416A	True
1805293	T1805293G	T1805293G	T1805293G	T1805293G	T1805293G	True
1810764	A1810764G	A1810764G	A1810764G	A1810764G	A1810764G	True
1813262	T1813262A	T1813262A	T1813262A	T1813262A	T1813262A	True
1817983	A1817983T	A1817983T	A1817983T	A1817983T	A1817983T	True
1836293	G1836293C	G1836293C	G1836293C	G1836293C	G1836293C	True
1838160	G1838160A	G1838160A	G1838160A	G1838160A	G1838160A	True
1842287	C1842287T	C1842287T	C1842287T	C1842287T	C1842287T	True
1846470	T1846470G	T1846470G	T1846470G	T1846470G	T1846470G	True
1847926	C1847926G	C1847926G	C1847926G	C1847926G	C1847926G	True
1854307	T1854307C	.	T1854307C	T1854307C	T1854307C	False
1856784	G1856784C	G1856784C	G1856784C	G1856784C	G1856784C	True
1862073	T1862073A	T1862073A	T1862073A	T1862073A	T1862073A	True
1862342	A1862342G	A1862342G	A1862342G	A1862342G	A1862342G	True
1864085	None	.	GC1864085G	.	.	False
1885080	A1885080G	A1885080G	A1885080G	A1885080G	A1885080G	True
1885779	G1885779A	G1885779A	G1885779A	G1885779A	G1885779A	True
1887417	C1887417G	C1887417G	C1887417G	C1887417G	C1887417G	True
1894307	None	G1894307GGTCTTGCCGC	.	.	.	False
1899358	T1899358C	T1899358C	T1899358C	T1899358C	T1899358C	True
1901500	T1901500C	T1901500C	T1901500C	T1901500C	T1901500C	True
1907303	G1907303C	G1907303C	G1907303C	G1907303C	G1907303C	True
1917979	A1917979G	A1917979G	A1917979G	A1917979G	A1917979G	True
1931186	C1931186A	C1931186A	C1931186A	C1931186A	C1931186A	True
1933995	G1933995A	G1933995A	G1933995A	G1933995A	G1933995A	True
1943046	C1943046T	C1943046T	C1943046T	C1943046T	C1943046T	True
1943599	C1943599T	C1943599T	C1943599T	C1943599T	C1943599T	True
1944114	A1944114G	A1944114G	A1944114G	A1944114G	A1944114G	True
1944409	T1944409C	T1944409C	T1944409C	T1944409C	T1944409C	True
1944649	None	CT1944649C	CT1944649C	.	.	False
1947910	G1947910T	G1947910T	G1947910T	G1947910T	G1947910T	True
1950774	T1950774C	.	T1950774C	T1950774C	.	False
1960291	C1960291A	C1960291A	C1960291A	C1960291A	C1960291A	True
1965650	A1965650T	A1965650T	A1965650T	A1965650T	A1965650T	True
1967244	C1967244A	C1967244A	C1967244A	C1967244A	C1967244A	True
1981063	C1981063T	.	C1981063T	C1981063T	C1981063T	False
1983320	None	.	T1983320G	T1983320G	.	False
1989064	None	.	AGAGAGGACTTCATCGATGCGCT1989064A	.	.	False
1990926	G1990926C	.	G1990926C	G1990926C	G1990926C	False
1991231	None	.	CGCCGCCGTT1991231C	.	.	False
1993815	A1993815T	A1993815T	A1993815T	A1993815T	A1993815T	True
2006039	G2006039A	G2006039A	G2006039A	G2006039A	G2006039A	True
2022875	T2022875C	T2022875C	T2022875C	T2022875C	T2022875C	True
2026117	None	.	G2026117A	G2026117A	.	False
2030347	None	.	AG2030347A	.	.	False
2030352	None	.	A2030352G	A2030352G	.	False
2030362	None	.	A2030362G	A2030362G	.	False
2034669	A2034669G	A2034669G	A2034669G	A2034669G	A2034669G	True
2038920	T2038920G	T2038920G	T2038920G	T2038920G	T2038920G	True
2045317	A2045317G	A2045317G	A2045317G	A2045317G	A2045317G	True
2049072	T2049072C	T2049072C	T2049072C	T2049072C	T2049072C	True
2049104	G2049104C	G2049104C	G2049104C	G2049104C	G2049104C	True
2052042	G2052042T	G2052042T	G2052042T	G2052042T	G2052042T	True
2053418	G2053418C	G2053418C	G2053418C	G2053418C	G2053418C	True
2053689	C2053689T	C2053689T	C2053689T	C2053689T	C2053689T	True
2055278	A2055278G	A2055278G	A2055278G	A2055278G	A2055278G	True
2074465	None	.	G2074465A	G2074465A	.	False
2074516	None	.	C2074516G	.	.	False
2074572	None	.	C2074572G	C2074572G	.	False
2094918	None	ACAGCGT2094918A	ACAGCGT2094918A	.	.	False
2096193	A2096193G	A2096193G	A2096193G	A2096193G	A2096193G	True
2097997	A2097997C	A2097997C	A2097997C	A2097997C	A2097997C	True
2108148	T2108148C	T2108148C	T2108148C	T2108148C	T2108148C	True
2109530	None	C2109530CG	C2109530CG	.	.	False
2116910	C2116910T	C2116910T	C2116910T	C2116910T	C2116910T	True
2121070	C2121070T	C2121070T	C2121070T	C2121070T	C2121070T	True
2123176	T2123176G	T2123176G	T2123176G	T2123176G	T2123176G	True
2128877	A2128877G	A2128877G	A2128877G	A2128877G	A2128877G	True
2133475	None	T2133475TTCGCATGCCGTCACC	T2133475TTCGCATGCCGTCACC	.	.	False
2135877	T2135877C	T2135877C	T2135877C	T2135877C	T2135877C	True
2137528	None	A2137528ACTCCGATCAC	.	.	.	False
2141825	A2141825C	A2141825C	A2141825C	A2141825C	A2141825C	True
2142437	C2142437T	C2142437T	C2142437T	C2142437T	C2142437T	True
2143335	G2143335C	G2143335C	G2143335C	G2143335C	G2143335C	True
2147029	A2147029C	A2147029C	A2147029C	A2147029C	A2147029C	True
2153417	G2153417A	G2153417A	G2153417A	G2153417A	G2153417A	True
2155175	C2155175G	C2155175G	C2155175G	C2155175G	C2155175G	True
2163419	A2163419G	.	.	.	.	False
2163422	C2163422A	.	.	.	.	False
2163424	G2163424C	.	.	.	.	False
2163426	C2163426T	.	.	.	.	False
2163428	C2163428G	.	.	.	.	False
2163451	T2163451C	.	.	.	.	False
2163500	A2163500G	.	.	.	.	False
2163501	G2163501C	.	.	.	.	False
2163503	A2163503C	.	.	.	.	False
2163511	G2163511A	.	.	.	.	False
2163517	T2163517C	.	.	.	.	False
2163520	T2163520C	.	.	.	.	False
2163524	A2163524C	.	.	.	.	False
2163527	G2163527A	.	.	.	.	False
2163797	None	.	A2163797C	A2163797C	.	False
2165293	A2165293C	A2165293C	A2165293C	A2165293C	A2165293C	True
2165561	None	.	A2165561G	A2165561G	.	False
2174223	A2174223G	A2174223G	A2174223G	A2174223G	A2174223G	True
2184378	G2184378A	G2184378A	G2184378A	G2184378A	G2184378A	True
2191258	G2191258A	G2191258A	G2191258A	G2191258A	G2191258A	True
2192357	C2192357T	C2192357T	C2192357T	C2192357T	C2192357T	True
2196722	None	.	G2196722C	G2196722C	.	False
2196838	None	.	.	A2196838G	.	False
2197255	None	.	.	T2197255C	.	False
2197285	None	.	T2197285C	T2197285C	.	False
2207532	C2207532T	C2207532T	C2207532T	C2207532T	C2207532T	True
2208079	None	TGC2208079T	TGC2208079T	.	.	False
2211834	A2211834G	A2211834G	A2211834G	A2211834G	A2211834G	True
2216256	C2216256G	C2216256G	C2216256G	C2216256G	C2216256G	True
2216451	C2216451A	C2216451A	C2216451A	C2216451A	C2216451A	True
2220520	T2220520G	T2220520G	T2220520G	T2220520G	T2220520G	True
2223301	T2223301C	T2223301C	T2223301C	T2223301C	T2223301C	True
2227662	C2227662T	C2227662T	C2227662T	C2227662T	C2227662T	True
2228975	A2228975G	A2228975G	A2228975G	A2228975G	A2228975G	True
2231140	G2231140A	G2231140A	G2231140A	G2231140A	G2231140A	True
2245540	T2245540C	T2245540C	T2245540C	T2245540C	T2245540C	True
2249411	C2249411T	C2249411T	C2249411T	C2249411T	C2249411T	True
2260347	None	G2260347T	G2260347T	G2260347T	.	False
2260533	C2260533T	C2260533T	C2260533T	C2260533T	C2260533T	True
2264790	C2264790A	C2264790A	C2264790A	C2264790A	C2264790A	True
2265067	T2265067G	T2265067G	T2265067G	T2265067G	T2265067G	True
2269788	T2269788C	T2269788C	T2269788C	T2269788C	T2269788C	True
2270110	A2270110G	A2270110G	A2270110G	A2270110G	A2270110G	True
2283038	A2283038G	A2283038G	A2283038G	A2283038G	A2283038G	True
2285259	C2285259A	C2285259A	C2285259A	C2285259A	C2285259A	True
2287129	A2287129G	A2287129G	A2287129G	A2287129G	A2287129G	True
2296050	None	.	G2296050C	G2296050C	.	False
2300245	None	.	A2300245G	A2300245G	.	False
2300554	None	.	A2300554T	A2300554T	.	False
2300560	None	.	T2300560G	T2300560G	.	False
2300563	None	.	A2300563G	A2300563G	.	False
2329541	A2329541G	A2329541G	A2329541G	A2329541G	A2329541G	True
2334015	A2334015G	A2334015G	A2334015G	A2334015G	A2334015G	True
2335083	None	A2335083G	A2335083G	A2335083G	A2335083G	False
2335502	A2335502G	A2335502G	A2335502G	A2335502G	A2335502G	True
2338202	None	A2338202AC	.	.	.	False
2340629	None	.	C2340629G	C2340629G	.	False
2341644	C2341644G	C2341644G	C2341644G	C2341644G	C2341644G	True
2345045	C2345045A	C2345045A	C2345045A	C2345045A	C2345045A	True
2348454	C2348454G	C2348454G	C2348454G	C2348454G	C2348454G	True
2352073	None	C2352073CCTCGCCTGGGCTGGCGAGCAGACGCAAAATCCCCCGCACGCCCGGCGTGTCGGGGGATTTTGCGTCTG	.	.	.	False
2357276	None	TGCC2357276T	TGCC2357276T	.	.	False
2361612	C2361612G	C2361612G	C2361612G	C2361612G	C2361612G	True
2362049	C2362049A	C2362049A	C2362049A	C2362049A	C2362049A	True
2368572	None	TA2368572T	TA2368572T	.	.	False
2371795	G2371795T	G2371795T	G2371795T	G2371795T	G2371795T	True
2371796	A2371796G	A2371796G	A2371796G	A2371796G	A2371796G	True
2380690	T2380690G	T2380690G	T2380690G	T2380690G	T2380690G	True
2382093	None	AGT2382093A	AGT2382093A	.	.	False
2386397	G2386397A	G2386397A	G2386397A	G2386397A	G2386397A	True
2412168	G2412168C	G2412168C	G2412168C	G2412168C	G2412168C	True
2415664	G2415664C	G2415664C	G2415664C	G2415664C	G2415664C	True
2424933	A2424933G	A2424933G	A2424933G	A2424933G	A2424933G	True
2438098	G2438098A	G2438098A	G2438098A	G2438098A	G2438098A	True
2440934	G2440934T	G2440934T	G2440934T	G2440934T	G2440934T	True
2453391	A2453391G	A2453391G	A2453391G	A2453391G	A2453391G	True
2461823	A2461823G	A2461823G	A2461823G	A2461823G	A2461823G	True
2462879	G2462879A	G2462879A	G2462879A	G2462879A	G2462879A	True
2463102	G2463102A	G2463102A	G2463102A	G2463102A	G2463102A	True
2470635	G2470635A	G2470635A	G2470635A	G2470635A	G2470635A	True
2484263	T2484263G	T2484263G	T2484263G	T2484263G	T2484263G	True
2499734	G2499734A	G2499734A	G2499734A	G2499734A	G2499734A	True
2502081	C2502081T	C2502081T	C2502081T	C2502081T	C2502081T	True
2503633	C2503633T	.	C2503633T	C2503633T	C2503633T	False
2509148	G2509148C	G2509148C	G2509148C	G2509148C	G2509148C	True
2509730	A2509730G	A2509730G	A2509730G	A2509730G	A2509730G	True
2521350	T2521350C	T2521350C	T2521350C	T2521350C	T2521350C	True
2525011	T2525011C	T2525011C	T2525011C	T2525011C	T2525011C	True
2529690	A2529690G	A2529690G	A2529690G	A2529690G	A2529690G	True
2531752	A2531752G	A2531752G	A2531752G	A2531752G	A2531752G	True
2534572	None	GGA2534572G	GGA2534572G	.	.	False
2537612	A2537612C	A2537612C	A2537612C	A2537612C	A2537612C	True
2546369	C2546369T	C2546369T	C2546369T	C2546369T	C2546369T	True
2562014	C2562014A	C2562014A	C2562014A	C2562014A	C2562014A	True
2562281	C2562281G	C2562281G	C2562281G	C2562281G	C2562281G	True
2563415	C2563415T	C2563415T	C2563415T	C2563415T	C2563415T	True
2573766	C2573766A	C2573766A	C2573766A	C2573766A	C2573766A	True
2586137	A2586137G	A2586137G	A2586137G	A2586137G	A2586137G	True
2598410	A2598410G	A2598410G	A2598410G	A2598410G	A2598410G	True
2602194	G2602194A	G2602194A	G2602194A	G2602194A	G2602194A	True
2604185	None	.	C2604185CAGTGCCAAC	.	.	False
2612642	C2612642A	C2612642A	C2612642A	C2612642A	C2612642A	True
2617480	G2617480A	G2617480A	G2617480A	G2617480A	G2617480A	True
2621068	G2621068A	G2621068A	G2621068A	G2621068A	G2621068A	True
2649865	G2649865A	G2649865A	G2649865A	G2649865A	G2649865A	True
2654381	G2654381A	G2654381A	G2654381A	G2654381A	G2654381A	True
2654653	C2654653T	C2654653T	C2654653T	C2654653T	C2654653T	True
2656235	A2656235G	A2656235G	A2656235G	A2656235G	A2656235G	True
2659721	G2659721A	G2659721A	G2659721A	G2659721A	G2659721A	True
2660329	C2660329G	C2660329G	C2660329G	C2660329G	C2660329G	True
2680668	T2680668G	T2680668G	T2680668G	T2680668G	T2680668G	True
2695104	C2695104G	C2695104G	C2695104G	C2695104G	C2695104G	True
2695388	C2695388G	C2695388G	C2695388G	C2695388G	C2695388G	True
2713805	C2713805T	C2713805T	C2713805T	C2713805T	C2713805T	True
2720905	None	.	.	G2720905A	.	False
2734084	T2734084C	T2734084C	T2734084C	T2734084C	.	False
2736444	C2736444A	C2736444A	C2736444A	C2736444A	C2736444A	True
2745899	C2745899T	C2745899T	C2745899T	C2745899T	C2745899T	True
2752708	C2752708A	C2752708A	C2752708A	C2752708A	C2752708A	True
2754610	A2754610G	A2754610G	A2754610G	A2754610G	A2754610G	True
2760162	A2760162G	A2760162G	A2760162G	A2760162G	A2760162G	True
2776843	None	C2776843A	.	.	.	False
2779146	T2779146C	T2779146C	T2779146C	T2779146C	T2779146C	True
2784623	None	.	A2784623G	.	.	False
2786962	A2786962G	A2786962G	A2786962G	A2786962G	A2786962G	True
2793370	C2793370T	C2793370T	C2793370T	C2793370T	C2793370T	True
2796141	None	G2796141GC	.	.	.	False
2818847	A2818847G	A2818847G	A2818847G	A2818847G	A2818847G	True
2821352	C2821352T	C2821352T	C2821352T	C2821352T	C2821352T	True
2827994	G2827994T	G2827994T	G2827994T	G2827994T	G2827994T	True
2828029	T2828029C	T2828029C	T2828029C	T2828029C	T2828029C	True
2829789	None	.	.	T2829789C	.	False
2830535	C2830535A	C2830535A	C2830535A	C2830535A	C2830535A	True
2835586	G2835586A	G2835586A	G2835586A	G2835586A	G2835586A	True
2844699	G2844699C	G2844699C	G2844699C	G2844699C	G2844699C	True
2855269	A2855269G	A2855269G	A2855269G	A2855269G	A2855269G	True
2865770	A2865770G	A2865770G	A2865770G	A2865770G	A2865770G	True
2865892	T2865892C	T2865892C	T2865892C	T2865892C	T2865892C	True
2871058	C2871058T	C2871058T	C2871058T	C2871058T	C2871058T	True
2871921	G2871921A	G2871921A	G2871921A	G2871921A	G2871921A	True
2880712	G2880712C	G2880712C	G2880712C	G2880712C	G2880712C	True
2881465	A2881465G	A2881465G	A2881465G	A2881465G	A2881465G	True
2881607	None	AG2881607A	AG2881607A	.	.	False
2888211	T2888211C	T2888211C	T2888211C	T2888211C	T2888211C	True
2889643	T2889643C	T2889643C	T2889643C	T2889643C	.	False
2891277	C2891277T	C2891277T	C2891277T	C2891277T	C2891277T	True
2891738	A2891738G	A2891738G	A2891738G	A2891738G	A2891738G	True
2893248	C2893248A	C2893248A	C2893248A	C2893248A	C2893248A	True
2894218	G2894218A	G2894218A	G2894218A	G2894218A	G2894218A	True
2907639	G2907639A	G2907639A	G2907639A	G2907639A	G2907639A	True
2910471	G2910471T	G2910471T	G2910471T	G2910471T	G2910471T	True
2911303	C2911303G	C2911303G	C2911303G	C2911303G	C2911303G	True
2912304	T2912304G	T2912304G	T2912304G	T2912304G	T2912304G	True
2923401	T2923401C	T2923401C	T2923401C	T2923401C	T2923401C	True
2927949	T2927949C	T2927949C	T2927949C	T2927949C	T2927949C	True
2932328	A2932328C	A2932328C	A2932328C	A2932328C	A2932328C	True
2939383	G2939383C	G2939383C	G2939383C	G2939383C	G2939383C	True
2939667	T2939667C	T2939667C	T2939667C	T2939667C	T2939667C	True
2945177	None	.	G2945177T	.	.	False
2945848	G2945848A	G2945848A	G2945848A	G2945848A	G2945848A	True
2964034	G2964034A	G2964034A	G2964034A	G2964034A	G2964034A	True
2968923	T2968923C	T2968923C	T2968923C	T2968923C	T2968923C	True
2974943	A2974943G	.	A2974943G	A2974943G	A2974943G	False
2976551	G2976551T	.	G2976551T	G2976551T	G2976551T	False
2983105	None	.	.	A2983105G	.	False
2984750	A2984750G	A2984750G	A2984750G	A2984750G	A2984750G	True
3005195	G3005195T	G3005195T	G3005195T	G3005195T	G3005195T	True
3007850	A3007850G	A3007850G	A3007850G	A3007850G	A3007850G	True
3009702	A3009702G	A3009702G	A3009702G	A3009702G	A3009702G	True
3011844	C3011844T	C3011844T	C3011844T	C3011844T	C3011844T	True
3017475	T3017475C	T3017475C	T3017475C	T3017475C	T3017475C	True
3041881	G3041881T	G3041881T	G3041881T	G3041881T	G3041881T	True
3051078	C3051078T	C3051078T	C3051078T	C3051078T	C3051078T	True
3054091	A3054091G	A3054091G	A3054091G	A3054091G	A3054091G	True
3054331	A3054331G	A3054331G	A3054331G	A3054331G	A3054331G	True
3073878	T3073878C	T3073878C	T3073878C	T3073878C	T3073878C	True
3077049	C3077049A	C3077049A	C3077049A	C3077049A	C3077049A	True
3080805	A3080805G	A3080805G	A3080805G	A3080805G	A3080805G	True
3086798	T3086798C	T3086798C	T3086798C	T3086798C	T3086798C	True
3095616	G3095616A	G3095616A	G3095616A	G3095616A	G3095616A	True
3101129	G3101129T	G3101129T	G3101129T	G3101129T	G3101129T	True
3103692	T3103692C	T3103692C	T3103692C	T3103692C	T3103692C	True
3107869	C3107869T	C3107869T	C3107869T	C3107869T	C3107869T	True
3108065	C3108065T	C3108065T	C3108065T	C3108065T	C3108065T	True
3108684	A3108684C	A3108684C	A3108684C	A3108684C	A3108684C	True
3113882	A3113882T	A3113882T	A3113882T	A3113882T	A3113882T	True
3118010	A3118010G	A3118010G	A3118010G	A3118010G	A3118010G	True
3121889	GGGTTTTGGGTCTGACGACTCGCGGCGAGCACGTCTCACCCAGCAGGCGGTGAGGTTGGGTTTCCGTCCCCTCTCGGGGTTTTGGGTCTGACGACACGGACGAGCTGGACCGCATCAGCGATGCTGAGCTGAGGGTTTCCGTCCCCTCTCGGGGTTTTGGGTCTGACGACTTGTCTCAATCGTGCCGTCTGCGGTGACACGCTCCA3121889TCGACATCGACGCGATCGTCGACGAGTTTCCGTCCTCTCTCGGGGTTTTGGGTCTGACGACGTGATCTTCTCTCCTGGCGAGGTCAAGGAAATCGATGTGG	.	.	.	.	False
3130692	G3130692A	G3130692A	G3130692A	G3130692A	G3130692A	True
3131479	None	T3131479TTGTCGGCGA	.	.	.	False
3133546	T3133546C	T3133546C	T3133546C	T3133546C	T3133546C	True
3137068	G3137068A	G3137068A	G3137068A	G3137068A	G3137068A	True
3162815	C3162815G	C3162815G	C3162815G	C3162815G	C3162815G	True
3165084	T3165084C	T3165084C	T3165084C	T3165084C	T3165084C	True
3175712	T3175712C	T3175712C	T3175712C	T3175712C	T3175712C	True
3177894	C3177894A	C3177894A	C3177894A	C3177894A	C3177894A	True
3178455	C3178455G	C3178455G	C3178455G	C3178455G	C3178455G	True
3186870	T3186870G	T3186870G	T3186870G	T3186870G	T3186870G	True
3190155	None	TC3190155T	TC3190155T	.	.	False
3191037	G3191037A	G3191037A	G3191037A	G3191037A	G3191037A	True
3195567	G3195567A	G3195567A	G3195567A	G3195567A	G3195567A	True
3195985	G3195985A	G3195985A	G3195985A	G3195985A	G3195985A	True
3196444	G3196444A	G3196444A	G3196444A	G3196444A	G3196444A	True
3215250	T3215250C	T3215250C	T3215250C	T3215250C	T3215250C	True
3226191	A3226191C	A3226191C	A3226191C	A3226191C	A3226191C	True
3228153	G3228153T	G3228153T	G3228153T	G3228153T	G3228153T	True
3230796	G3230796A	G3230796A	G3230796A	G3230796A	G3230796A	True
3232825	None	.	A3232825G	.	.	False
3236240	C3236240A	C3236240A	C3236240A	C3236240A	C3236240A	True
3243640	G3243640A	G3243640A	G3243640A	G3243640A	G3243640A	True
3247326	C3247326G	C3247326G	C3247326G	C3247326G	C3247326G	True
3247861	G3247861A	.	G3247861A	G3247861A	G3247861A	False
3247863	C3247863T	.	C3247863T	C3247863T	C3247863T	False
3247866	G3247866C	.	G3247866C	G3247866C	G3247866C	False
3247875	G3247875T	.	G3247875T	.	.	False
3247876	C3247876A	.	C3247876A	.	.	False
3247877	A3247877G	.	A3247877G	.	.	False
3247878	A3247878G	.	A3247878G	.	.	False
3247879	A3247879G	.	A3247879G	.	.	False
3247884	G3247884A	.	G3247884A	G3247884A	G3247884A	False
3247887	T3247887C	.	T3247887C	T3247887C	T3247887C	False
3247893	T3247893C	.	T3247893C	T3247893C	T3247893C	False
3248084	G3248084A	.	.	G3248084A	G3248084A	False
3248085	C3248085T	.	.	C3248085T	C3248085T	False
3256504	A3256504G	A3256504G	A3256504G	A3256504G	A3256504G	True
3260311	A3260311G	A3260311G	A3260311G	A3260311G	A3260311G	True
3269591	A3269591G	A3269591G	A3269591G	A3269591G	A3269591G	True
3270794	A3270794G	A3270794G	A3270794G	A3270794G	A3270794G	True
3273210	C3273210A	C3273210A	C3273210A	C3273210A	C3273210A	True
3284736	C3284736G	C3284736G	C3284736G	C3284736G	C3284736G	True
3296853	A3296853G	A3296853G	A3296853G	A3296853G	A3296853G	True
3308616	G3308616A	G3308616A	G3308616A	G3308616A	G3308616A	True
3311566	T3311566C	T3311566C	T3311566C	T3311566C	T3311566C	True
3336597	None	.	.	T3336597A	.	False
3336835	T3336835C	T3336835C	T3336835C	T3336835C	T3336835C	True
3338613	G3338613C	G3338613C	G3338613C	G3338613C	G3338613C	True
3340625	C3340625G	C3340625G	C3340625G	C3340625G	C3340625G	True
3354906	C3354906T	C3354906T	C3354906T	C3354906T	C3354906T	True
3357170	G3357170C	G3357170C	G3357170C	G3357170C	G3357170C	True
3358245	A3358245T	A3358245T	A3358245T	A3358245T	A3358245T	True
3363348	A3363348G	A3363348G	A3363348G	A3363348G	A3363348G	True
3366915	G3366915A	G3366915A	G3366915A	G3366915A	G3366915A	True
3367775	G3367775A	G3367775A	G3367775A	G3367775A	G3367775A	True
3378414	None	.	G3378414T	G3378414T	.	False
3378429	None	.	G3378429C	G3378429C	.	False
3382759	None	.	C3382759G	C3382759G	.	False
3388177	C3388177G	C3388177G	C3388177G	C3388177G	C3388177G	True
3392473	T3392473A	T3392473A	T3392473A	T3392473A	T3392473A	True
3401962	G3401962C	G3401962C	G3401962C	G3401962C	G3401962C	True
3402827	C3402827T	C3402827T	C3402827T	C3402827T	C3402827T	True
3414802	G3414802C	G3414802C	G3414802C	G3414802C	G3414802C	True
3418325	T3418325G	T3418325G	T3418325G	T3418325G	T3418325G	True
3418327	G3418327A	G3418327A	G3418327A	G3418327A	G3418327A	True
3423246	None	C3423246CGCGAGCAGACGCAGAATCGCCCAAAATCCAAGATTTTGAGGCGATTCTGCGTCTGCTCGCGCAACCGG	.	.	.	False
3425851	C3425851T	C3425851T	C3425851T	C3425851T	C3425851T	True
3426792	C3426792G	C3426792G	C3426792G	C3426792G	C3426792G	True
3428914	C3428914A	C3428914A	C3428914A	C3428914A	C3428914A	True
3429199	T3429199G	T3429199G	T3429199G	T3429199G	T3429199G	True
3436293	A3436293G	A3436293G	A3436293G	A3436293G	A3436293G	True
3440461	T3440461G	T3440461G	T3440461G	T3440461G	T3440461G	True
3440465	G3440465C	G3440465C	G3440465C	G3440465C	G3440465C	True
3451667	G3451667C	G3451667C	G3451667C	G3451667C	G3451667C	True
3456663	A3456663G	A3456663G	A3456663G	A3456663G	A3456663G	True
3458488	G3458488A	G3458488A	G3458488A	G3458488A	G3458488A	True
3460983	G3460983A	G3460983A	G3460983A	G3460983A	G3460983A	True
3462132	G3462132C	G3462132C	G3462132C	G3462132C	G3462132C	True
3473993	None	G3473993GA	G3473993GA	.	.	False
3481472	None	.	.	G3481472A	.	False
3486974	A3486974G	A3486974G	A3486974G	A3486974G	A3486974G	True
3495655	G3495655C	G3495655C	G3495655C	G3495655C	G3495655C	True
3503892	C3503892T	C3503892T	C3503892T	C3503892T	C3503892T	True
3509503	C3509503G	C3509503G	C3509503G	C3509503G	C3509503G	True
3518164	A3518164G	A3518164G	A3518164G	A3518164G	A3518164G	True
3518552	A3518552G	A3518552G	A3518552G	A3518552G	A3518552G	True
3524900	G3524900A	G3524900A	G3524900A	G3524900A	G3524900A	True
3548638	T3548638C	T3548638C	T3548638C	T3548638C	T3548638C	True
3552710	None	.	T3552710C	T3552710C	.	False
3556272	A3556272G	A3556272G	A3556272G	A3556272G	A3556272G	True
3564787	G3564787A	G3564787A	G3564787A	G3564787A	G3564787A	True
3576962	G3576962A	G3576962A	G3576962A	G3576962A	G3576962A	True
3580631	C3580631T	C3580631T	C3580631T	C3580631T	C3580631T	True
3581410	A3581410G	A3581410G	A3581410G	A3581410G	A3581410G	True
3591060	T3591060C	T3591060C	T3591060C	T3591060C	T3591060C	True
3594121	C3594121T	C3594121T	C3594121T	C3594121T	C3594121T	True
3595480	None	A3595480ACTGGCAGCGTAGT	A3595480ACTGGCAGCGTAGT	.	.	False
3597229	C3597229A	C3597229A	C3597229A	C3597229A	C3597229A	True
3600714	T3600714G	T3600714G	T3600714G	T3600714G	T3600714G	True
3604818	G3604818C	G3604818C	G3604818C	G3604818C	G3604818C	True
3610438	C3610438T	C3610438T	C3610438T	C3610438T	C3610438T	True
3614979	T3614979C	T3614979C	T3614979C	T3614979C	T3614979C	True
3622438	A3622438C	A3622438C	A3622438C	A3622438C	A3622438C	True
3625062	T3625062G	T3625062G	T3625062G	T3625062G	T3625062G	True
3688941	C3688941T	C3688941T	C3688941T	C3688941T	C3688941T	True
3689520	G3689520T	G3689520T	G3689520T	G3689520T	G3689520T	True
3704767	G3704767C	G3704767C	G3704767C	G3704767C	G3704767C	True
3714382	G3714382T	G3714382T	G3714382T	G3714382T	G3714382T	True
3714928	A3714928C	A3714928C	A3714928C	A3714928C	A3714928C	True
3717376	C3717376T	C3717376T	C3717376T	C3717376T	C3717376T	True
3721977	G3721977C	G3721977C	G3721977C	G3721977C	G3721977C	True
3722763	C3722763G	C3722763G	C3722763G	C3722763G	C3722763G	True
3730498	G3730498A	G3730498A	G3730498A	G3730498A	G3730498A	True
3730582	None	.	G3730582A	G3730582A	.	False
3731632	None	.	C3731632G	C3731632G	.	False
3732795	None	.	.	A3732795G	.	False
3736195	None	.	.	A3736195G	.	False
3736799	T3736799G	T3736799G	T3736799G	T3736799G	T3736799G	True
3738687	None	C3738687CTGCCGCCGCTGCCGCCGT	.	.	.	False
3741443	None	G3741443GCCGCCGTCACCGCCGGCGCCGCCGTCCCCGGCCTTGCCGGCGGTGCCGGCGACCGCGGTGCCGCCGGCGCCGCCACCA	.	.	.	False
3746580	A3746580G	A3746580G	A3746580G	A3746580G	A3746580G	True
3749697	C3749697T	C3749697T	C3749697T	C3749697T	C3749697T	True
3749828	G3749828A	G3749828A	G3749828A	G3749828A	G3749828A	True
3751437	None	C3751437CG	C3751437CG	.	.	False
3752378	A3752378G	.	A3752378G	A3752378G	A3752378G	False
3753287	C3753287T	.	C3753287T	C3753287T	C3753287T	False
3753335	T3753335G	.	T3753335G	T3753335G	T3753335G	False
3770939	G3770939T	.	G3770939T	G3770939T	G3770939T	False
3771734	G3771734T	G3771734T	G3771734T	G3771734T	G3771734T	True
3776877	C3776877T	C3776877T	C3776877T	C3776877T	C3776877T	True
3789020	G3789020T	G3789020T	G3789020T	G3789020T	G3789020T	True
3798275	A3798275C	A3798275C	A3798275C	A3798275C	A3798275C	True
3803058	G3803058A	G3803058A	G3803058A	G3803058A	G3803058A	True
3817297	C3817297A	C3817297A	C3817297A	C3817297A	C3817297A	True
3823339	A3823339T	A3823339T	A3823339T	A3823339T	A3823339T	True
3825740	C3825740G	C3825740G	C3825740G	C3825740G	C3825740G	True
3826864	C3826864T	C3826864T	C3826864T	C3826864T	C3826864T	True
3829950	T3829950C	T3829950C	T3829950C	T3829950C	T3829950C	True
3831738	C3831738G	.	C3831738G	C3831738G	C3831738G	False
3839051	A3839051G	A3839051G	A3839051G	A3839051G	A3839051G	True
3841842	None	.	T3841842C	T3841842C	.	False
3842564	None	.	.	A3842564G	.	False
3842572	None	.	G3842572C	G3842572C	.	False
3842574	None	.	T3842574G	T3842574G	.	False
3842605	None	.	T3842605A	T3842605A	.	False
3842800	None	.	A3842800G	A3842800G	.	False
3842805	None	.	A3842805G	A3842805G	.	False
3843587	None	.	CG3843587C	.	.	False
3844936	None	GC3844936G	GC3844936G	.	.	False
3845172	T3845172A	T3845172A	T3845172A	T3845172A	T3845172A	True
3847022	None	.	G3847022T	.	.	False
3850047	C3850047T	C3850047T	C3850047T	C3850047T	C3850047T	True
3853888	None	C3853888CT	C3853888CT	.	.	False
3859556	C3859556T	C3859556T	C3859556T	C3859556T	C3859556T	True
3860073	C3860073T	C3860073T	C3860073T	C3860073T	C3860073T	True
3865174	T3865174C	T3865174C	T3865174C	T3865174C	T3865174C	True
3873571	T3873571G	T3873571G	T3873571G	T3873571G	T3873571G	True
3877600	A3877600G	A3877600G	A3877600G	A3877600G	A3877600G	True
3883405	G3883405A	G3883405A	G3883405A	G3883405A	G3883405A	True
3884927	None	.	.	G3884927A	.	False
3884970	None	.	.	C3884970A	.	False
3885085	None	.	A3885085G	A3885085G	.	False
3886065	T3886065C	T3886065C	T3886065C	T3886065C	T3886065C	True
3892850	A3892850G	A3892850G	A3892850G	A3892850G	A3892850G	True
3894355	T3894355C	T3894355C	T3894355C	T3894355C	T3894355C	True
3894655	None	.	C3894655T	C3894655T	.	False
3894804	None	.	.	C3894804T	.	False
3898587	A3898587G	A3898587G	A3898587G	A3898587G	A3898587G	True
3928963	None	C3928963CCGGCGGGGCCGGCGGTAA	.	.	.	False
3930655	None	A3930655ACGGCGGCAC	.	.	.	False
3934118	None	.	.	T3934118G	.	False
3934320	None	.	.	A3934320C	.	False
3934333	None	.	.	C3934333T	.	False
3934721	None	.	T3934721G	T3934721G	.	False
3934878	None	.	.	G3934878A	.	False
3934912	None	.	G3934912C	.	.	False
3934913	None	.	G3934913A	G3934913A	.	False
3936840	None	CCGACGGCGA3936840C	.	.	.	False
3942660	None	C3942660G	C3942660G	C3942660G	C3942660G	False
3942819	None	T3942819C	T3942819C	T3942819C	T3942819C	False
3943198	None	C3943198G	C3943198G	C3943198G	.	False
3943604	None	.	G3943604C	.	.	False
3943606	None	.	C3943606A	C3943606A	.	False
3944678	A3944678G	.	.	.	.	False
3944679	C3944679A	.	.	.	.	False
3944682	GCGGCCT3944682G	.	.	.	.	False
3944695	CCCCCGG3944695C	.	.	.	.	False
3944703	T3944703C	.	.	.	.	False
3944707	CGG3944707C	.	.	.	.	False
3944710	AT3944710A	.	.	.	.	False
3944713	C3944713A	.	.	.	.	False
3944716	C3944716T	.	.	.	.	False
3944720	G3944720A	.	.	.	.	False
3944722	C3944722T	.	.	.	.	False
3944728	C3944728T	.	.	.	.	False
3944730	C3944730A	.	.	.	.	False
3944739	G3944739A	.	.	.	.	False
3944740	CGG3944740C	.	.	.	.	False
3944743	CG3944743C	.	.	.	.	False
3944747	G3944747A	.	.	.	.	False
3944748	C3944748A	.	.	.	.	False
3944749	G3944749T	.	.	.	.	False
3944750	G3944750T	.	.	.	.	False
3944758	TGGC3944758T	.	.	.	.	False
3944766	A3944766C	.	.	.	.	False
3944772	GCAA3944772G	.	.	.	.	False
3944779	C3944779T	.	.	.	.	False
3944782	C3944782CG	.	.	.	.	False
3944784	C3944784CAA	.	.	.	.	False
3944785	G3944785C	.	.	.	.	False
3944788	A3944788T	.	.	.	.	False
3944791	C3944791T	.	.	.	.	False
3944792	A3944792G	.	.	.	.	False
3944793	A3944793G	.	.	.	.	False
3944795	G3944795GGT	.	.	.	.	False
3944797	C3944797CT	.	.	.	.	False
3948865	None	.	AGCGGCACCG3948865A	.	.	False
3949107	None	.	.	G3949107C	.	False
3949108	None	.	.	G3949108C	.	False
3952979	G3952979A	G3952979A	G3952979A	G3952979A	G3952979A	True
3958582	A3958582G	A3958582G	A3958582G	A3958582G	A3958582G	True
3959597	C3959597T	C3959597T	C3959597T	C3959597T	C3959597T	True
3968293	A3968293G	A3968293G	A3968293G	A3968293G	A3968293G	True
3983450	T3983450G	.	T3983450G	T3983450G	T3983450G	False
3998238	None	AGGC3998238A	AGGC3998238A	.	.	False
4005786	T4005786C	T4005786C	T4005786C	T4005786C	T4005786C	True
4006041	T4006041C	T4006041C	T4006041C	T4006041C	T4006041C	True
4024452	T4024452C	T4024452C	T4024452C	T4024452C	T4024452C	True
4027078	G4027078A	G4027078A	G4027078A	G4027078A	G4027078A	True
4034133	G4034133A	G4034133A	G4034133A	G4034133A	G4034133A	True
4035006	C4035006T	C4035006T	C4035006T	C4035006T	C4035006T	True
4037462	T4037462G	T4037462G	T4037462G	T4037462G	T4037462G	True
4038466	G4038466A	G4038466A	G4038466A	G4038466A	G4038466A	True
4045824	C4045824T	C4045824T	C4045824T	C4045824T	C4045824T	True
4048412	G4048412A	G4048412A	G4048412A	G4048412A	G4048412A	True
4051056	G4051056C	G4051056C	G4051056C	G4051056C	G4051056C	True
4055980	G4055980A	G4055980A	G4055980A	G4055980A	G4055980A	True
4060083	A4060083G	A4060083G	A4060083G	A4060083G	A4060083G	True
4060279	None	.	.	G4060279A	.	False
4060380	None	.	.	G4060380A	.	False
4060389	None	.	.	T4060389A	.	False
4060409	None	.	.	G4060409A	.	False
4060513	None	.	.	T4060513C	.	False
4069471	G4069471A	G4069471A	G4069471A	G4069471A	G4069471A	True
4076136	C4076136A	.	C4076136A	C4076136A	C4076136A	False
4076725	G4076725A	.	G4076725A	G4076725A	G4076725A	False
4081158	A4081158G	A4081158G	A4081158G	A4081158G	A4081158G	True
4084778	G4084778T	G4084778T	G4084778T	G4084778T	G4084778T	True
4088525	G4088525A	G4088525A	G4088525A	G4088525A	G4088525A	True
4094058	None	TG4094058T	TG4094058T	.	.	False
4101153	T4101153C	T4101153C	T4101153C	T4101153C	T4101153C	True
4111481	G4111481C	G4111481C	G4111481C	G4111481C	G4111481C	True
4128175	G4128175C	G4128175C	G4128175C	G4128175C	G4128175C	True
4133534	G4133534C	G4133534C	G4133534C	G4133534C	G4133534C	True
4135290	G4135290A	G4135290A	G4135290A	G4135290A	G4135290A	True
4137835	G4137835A	G4137835A	G4137835A	G4137835A	G4137835A	True
4141214	G4141214T	G4141214T	G4141214T	G4141214T	G4141214T	True
4147674	C4147674T	C4147674T	C4147674T	C4147674T	C4147674T	True
4148707	T4148707G	T4148707G	T4148707G	T4148707G	T4148707G	True
4156277	C4156277A	C4156277A	C4156277A	C4156277A	C4156277A	True
4162517	A4162517G	A4162517G	A4162517G	A4162517G	A4162517G	True
4164122	A4164122G	A4164122G	A4164122G	A4164122G	A4164122G	True
4174742	T4174742C	T4174742C	T4174742C	T4174742C	T4174742C	True
4182873	G4182873A	G4182873A	G4182873A	G4182873A	G4182873A	True
4187663	T4187663C	T4187663C	T4187663C	T4187663C	T4187663C	True
4187995	A4187995G	A4187995G	A4187995G	A4187995G	A4187995G	True
4197316	None	C4197316CT	.	.	.	False
4198789	None	CG4198789C	CG4198789C	.	.	False
4204619	A4204619G	A4204619G	A4204619G	A4204619G	A4204619G	True
4210452	A4210452G	A4210452G	A4210452G	A4210452G	A4210452G	True
4220352	G4220352A	G4220352A	G4220352A	G4220352A	G4220352A	True
4221668	C4221668G	.	C4221668G	C4221668G	C4221668G	False
4222251	A4222251G	.	A4222251G	A4222251G	A4222251G	False
4223060	A4223060G	A4223060G	A4223060G	A4223060G	A4223060G	True
4225825	G4225825A	G4225825A	G4225825A	G4225825A	G4225825A	True
4233477	G4233477A	.	G4233477A	G4233477A	G4233477A	False
4242821	C4242821T	C4242821T	C4242821T	C4242821T	C4242821T	True
4251265	G4251265A	G4251265A	G4251265A	G4251265A	G4251265A	True
4256100	A4256100G	A4256100G	A4256100G	A4256100G	A4256100G	True
4257398	A4257398G	A4257398G	A4257398G	A4257398G	A4257398G	True
4264396	C4264396A	C4264396A	C4264396A	C4264396A	C4264396A	True
4264397	T4264397G	T4264397G	T4264397G	T4264397G	T4264397G	True
4266846	C4266846T	C4266846T	C4266846T	C4266846T	C4266846T	True
4293250	G4293250A	G4293250A	G4293250A	G4293250A	G4293250A	True
4295809	C4295809A	C4295809A	C4295809A	C4295809A	C4295809A	True
4297971	T4297971C	T4297971C	T4297971C	T4297971C	T4297971C	True
4299353	G4299353C	G4299353C	G4299353C	G4299353C	G4299353C	True
4302214	T4302214C	.	T4302214C	T4302214C	T4302214C	False
4303531	C4303531G	C4303531G	C4303531G	C4303531G	C4303531G	True
4306333	C4306333T	C4306333T	C4306333T	C4306333T	C4306333T	True
4307357	G4307357A	G4307357A	G4307357A	G4307357A	G4307357A	True
4315562	T4315562C	T4315562C	T4315562C	T4315562C	T4315562C	True
4316292	G4316292A	G4316292A	G4316292A	G4316292A	G4316292A	True
4326281	None	CA4326281C	CA4326281C	.	.	False
4336268	None	A4336268AT	A4336268AT	.	.	False
4338773	None	GC4338773G	GC4338773G	.	.	False
4338909	G4338909A	.	.	.	.	False
4338910	None	G4338910A	G4338910A	G4338910A	G4338910A	False
4340507	T4340507G	.	.	.	.	False
4340508	None	T4340508G	T4340508G	T4340508G	T4340508G	False
4341813	G4341813A	.	.	.	.	False
4341814	None	G4341814A	G4341814A	G4341814A	G4341814A	False
4349865	C4349865T	.	.	.	.	False
4349866	None	C4349866T	C4349866T	C4349866T	C4349866T	False
4350623	G4350623C	.	.	.	.	False
4350624	None	G4350624C	G4350624C	G4350624C	G4350624C	False
4351216	G4351216T	.	.	.	.	False
4351217	None	G4351217T	G4351217T	G4351217T	G4351217T	False
4351242	A4351242C	.	.	.	.	False
4351243	None	A4351243C	A4351243C	A4351243C	A4351243C	False
4356287	G4356287C	.	.	.	.	False
4356288	None	G4356288C	G4356288C	G4356288C	G4356288C	False
4361339	T4361339G	.	.	.	.	False
4361340	None	T4361340G	T4361340G	T4361340G	T4361340G	False
4366449	G4366449C	.	.	.	.	False
4366450	None	G4366450C	G4366450C	G4366450C	G4366450C	False
4373673	C4373673G	.	.	.	.	False
4373674	None	C4373674G	C4373674G	C4373674G	C4373674G	False
4373932	T4373932C	.	.	.	.	False
4373933	None	T4373933C	T4373933C	T4373933C	T4373933C	False
4375805	G4375805T	.	.	.	.	False
4375806	None	G4375806T	G4375806T	G4375806T	G4375806T	False
4379857	C4379857G	.	.	.	.	False
4379858	None	C4379858G	C4379858G	C4379858G	C4379858G	False
4382231	T4382231C	.	.	.	.	False
4382232	None	T4382232C	T4382232C	T4382232C	T4382232C	False
4382452	G4382452T	.	.	.	.	False
4382453	None	G4382453T	G4382453T	G4382453T	G4382453T	False
4383322	None	C4383322CCGGGG	C4383322CCGGGG	.	.	False
4388330	G4388330A	.	.	.	.	False
4388331	None	G4388331A	G4388331A	G4388331A	G4388331A	False
4389379	C4389379T	.	.	.	.	False
4389380	None	C4389380T	C4389380T	C4389380T	C4389380T	False
4391730	C4391730T	.	.	.	.	False
4391731	None	C4391731T	C4391731T	C4391731T	C4391731T	False
4408092	C4408092T	.	.	.	.	False
4408093	None	C4408093T	C4408093T	C4408093T	C4408093T	False
4408332	A4408332C	.	.	.	.	False
4408333	None	A4408333C	A4408333C	A4408333C	A4408333C	False
