ID	REF	MISSEDPOSITIONS-31	MISSEDPOSITIONS-41	MISSEDPOSITIONS-51
h37rv-11	82	65	71	75
h37rv-11	87977	77728	83208	86068
h37rv-11	8844	7327	7882	8273
h37rv-11	926	773	831	861
h37rv-192	82	6	6	6
h37rv-192	87977	6770	6378	6958
h37rv-192	8844	518	445	446
h37rv-192	926	53	41	36
h37rv-25	82	19	30	30
h37rv-25	87977	35721	36786	45095
h37rv-25	8844	2312	2621	3050
h37rv-25	926	223	237	287
h37rv-306	82	6	6	6
h37rv-306	87977	5750	5646	5795
h37rv-306	8844	467	408	393
h37rv-306	926	45	40	38
h37rv-63	82	5	5	4
h37rv-63	87977	5060	4635	4960
h37rv-63	8844	445	359	358
h37rv-63	926	42	37	34
