r1	r2	CANADA_isec	CANADA_or1	CANADA_or2	CANADA_mm	CANADA_mmf	CANADA_mmz	CANADA_mmfz	COMPASS_isec	COMPASS_or1	COMPASS_or2	COMPASS_mm	COMPASS_mmf	COMPASS_mmz	COMPASS_mmfz	CORTEX_isec	CORTEX_or1	CORTEX_or2	CORTEX_mm	CORTEX_mmf	CORTEX_mmz	CORTEX_mmfz	PHE_isec	PHE_or1	PHE_or2	PHE_mm	PHE_mmf	PHE_mmz	PHE_mmfz	PLATYPUS_isec	PLATYPUS_or1	PLATYPUS_or2	PLATYPUS_mm	PLATYPUS_mmf	PLATYPUS_mmz	PLATYPUS_mmfz	TORSTEN_isec	TORSTEN_or1	TORSTEN_or2	TORSTEN_mm	TORSTEN_mmf	TORSTEN_mmz	TORSTEN_mmfz
8c89e658-de49-4ea3-977c-bb69887ffc5d	ae7a7d6a-980d-4be8-8f24-0e1b9b469a70	NA	NA	NA	NA	NA	NA	NA	1219	3	2	0	0	3	107	1173	70	25	0	0	39	0	1404	14	12	0	0	21	44	1375	35	16	0	0	23	15	NA	NA	NA	NA	NA	NA	NA
0fe86c80-1e8f-40b5-b004-eee6170027ad	524851c1-4c67-40bb-8491-f2da2a555f43	NA	NA	NA	NA	NA	NA	NA	57	1	0	0	0	1	7	42	0	7	0	0	8	0	62	1	0	0	0	1	1	64	3	2	0	0	1	1	63	2	0	0	0	0	0
23e53aa6-0805-4778-a4e7-b85f3b55a22b	533c7bb0-89d3-4157-92fa-93ddc3b53bc2	NA	NA	NA	NA	NA	NA	NA	1210	4	1	0	0	1	109	1220	28	5	0	0	29	0	1396	16	22	0	0	21	18	1347	28	17	0	0	16	14	1344	47	30	0	0	0	0
0fe86c80-1e8f-40b5-b004-eee6170027ad	75430cd2-8946-45b5-abf6-efbae3f9459f	NA	NA	NA	NA	NA	NA	NA	49	5	0	0	0	2	4	35	7	2	0	0	16	0	58	3	0	0	0	0	0	54	11	0	0	0	0	0	56	9	0	0	0	0	0
838b2840-40e3-473d-9a1d-1dfa68d20d5d	93fbbe13-8922-47d3-bdc9-7500ff4aea97	NA	NA	NA	NA	NA	NA	NA	663	1	4	0	0	1	57	646	1	59	0	0	26	0	797	0	33	0	0	7	26	756	4	33	0	0	8	6	NA	NA	NA	NA	NA	NA	NA
5ee31bcd-8d06-4366-8e95-977b3b618956	9304fe4a-64ca-4a20-8c10-6e4a395c4244	NA	NA	NA	NA	NA	NA	NA	1213	7	4	0	0	4	113	1201	32	14	0	0	33	0	1444	28	8	0	0	10	40	1394	46	6	0	0	8	13	1400	59	2	0	0	0	0
404239a2-d63e-4131-aaf8-f6f17e590754	f015a8a9-28f9-4d89-b20c-9b6db27da03d	NA	NA	NA	NA	NA	NA	NA	1201	0	2	0	0	2	127	1121	58	51	0	0	28	0	1391	8	5	0	0	10	45	1344	15	21	0	0	14	13	NA	NA	NA	NA	NA	NA	NA
b0c65ebe-06af-4cba-b664-945f7fbe5138	d1354b46-74f8-4cd2-a7c9-6917de55ff93	NA	NA	NA	NA	NA	NA	NA	1205	0	3	0	0	3	68	1140	46	4	0	0	47	0	1403	15	1	0	0	3	12	1336	29	6	0	0	4	6	1337	45	2	0	0	0	0
0a985642-4c9e-4c55-805d-3010ca271b99	c6101910-4392-4467-b145-313149f2201c	NA	NA	NA	NA	NA	NA	NA	1227	1	3	0	0	2	74	1228	0	65	0	0	37	0	1428	8	48	0	0	23	21	1407	6	39	0	0	9	14	NA	NA	NA	NA	NA	NA	NA
466b1c8a-fd53-4464-b225-cab156ec7e8c	fd0f04c1-4ff4-47d8-b2c0-f7388f34fe40	NA	NA	NA	NA	NA	NA	NA	824	3	1	0	0	1	96	804	55	2	0	0	36	0	923	32	4	0	0	10	25	902	31	13	0	0	7	8	NA	NA	NA	NA	NA	NA	NA
562e6b59-b30c-4eac-997f-2041d87e34ee	600532bb-e7ba-49f2-a956-c1bbb195acc6	NA	NA	NA	NA	NA	NA	NA	1222	5	2	0	0	2	79	1227	68	1	0	0	40	1	1424	38	5	0	0	9	25	1390	41	18	0	0	9	18	NA	NA	NA	NA	NA	NA	NA
3d185573-c082-41b5-9db0-b2bcad1d2212	deccb178-95df-4ac8-93ea-e3daeb173f7a	NA	NA	NA	NA	NA	NA	NA	1248	3	3	0	0	3	108	1184	47	39	0	0	39	0	1414	13	9	0	0	15	48	1382	38	7	0	0	11	15	NA	NA	NA	NA	NA	NA	NA
91aa8dfd-e810-4d2e-b068-8cfab2ade340	d67a313b-7753-476a-8527-104aad4388bf	NA	NA	NA	NA	NA	NA	NA	662	0	1	0	0	0	58	639	3	31	0	0	29	0	764	3	18	0	0	6	18	717	7	38	0	0	11	4	NA	NA	NA	NA	NA	NA	NA
73cdec78-0b10-4f5a-9141-2b106dc01687	9a307556-d147-485b-95c6-112a6ecde39e	NA	NA	NA	NA	NA	NA	NA	824	1	6	0	0	0	46	816	1	42	0	0	34	0	958	6	33	0	0	13	19	929	4	40	0	0	9	10	NA	NA	NA	NA	NA	NA	NA
c1b75c2d-7071-4e4a-a338-a7caba4b8744	fc51aae4-b120-4712-bd4b-3ccd63907c0d	NA	NA	NA	NA	NA	NA	NA	1858	3	2	0	0	2	191	1848	17	79	0	0	44	1	2180	9	25	0	1	28	37	2110	11	36	0	0	13	16	NA	NA	NA	NA	NA	NA	NA
764341fa-231f-4a54-9bfb-3a200dbffb0a	fdafdd1b-8e06-4d19-9f24-f5b30e4c60b4	NA	NA	NA	NA	NA	NA	NA	293	216	430	0	0	0	52	699	16	11	0	0	24	0	823	16	1	0	0	6	23	800	31	5	0	0	6	8	NA	NA	NA	NA	NA	NA	NA
5749e130-9f78-4b28-a158-4cbd73ad0976	e4379cbe-9d53-48df-8804-44c82fd2c431	NA	NA	NA	NA	NA	NA	NA	1132	71	4	0	0	71	110	1188	16	79	0	0	53	0	1279	74	24	0	0	78	60	1073	303	37	0	0	329	22	NA	NA	NA	NA	NA	NA	NA
8984426d-6200-4843-b7ac-7fc26fb676e1	c70ddaf2-c546-4c50-aafc-e9ccbc140764	NA	NA	NA	NA	NA	NA	NA	665	9	3	0	0	9	66	649	5	53	0	0	27	0	782	15	11	0	0	19	35	731	35	43	0	0	34	17	NA	NA	NA	NA	NA	NA	NA
036d760c-f71a-4c98-8d96-5fc17bdd8d23	cef62a4e-85b3-43e1-afed-028d66520e6d	NA	NA	NA	NA	NA	NA	NA	1250	2	2	0	0	3	119	1191	23	52	0	0	48	0	1421	13	16	0	1	21	32	1395	18	27	0	0	21	9	NA	NA	NA	NA	NA	NA	NA
096c330f-d7b4-42bf-8b0d-d7457e8ff04f	f031d3f8-5105-4ee7-8c26-e9b5b693a71d	NA	NA	NA	NA	NA	NA	NA	687	507	9	0	0	500	173	634	513	46	0	0	537	2	783	599	35	0	0	596	51	760	571	47	0	0	615	20	NA	NA	NA	NA	NA	NA	NA
20bbdf85-4596-452a-9a7f-e656afc08c3e	a5f4c5d7-860e-4144-82d8-4ad6f8b72e90	NA	NA	NA	NA	NA	NA	NA	855	3	9	0	0	9	69	812	45	16	0	0	46	0	974	24	17	0	0	18	28	934	43	31	0	0	40	11	NA	NA	NA	NA	NA	NA	NA
83913ded-560b-43b2-8c9e-d4cbb61e644f	f9617b44-149b-4bfd-b126-3341b354a5a0	NA	NA	NA	NA	NA	NA	NA	848	1	1	0	0	1	58	834	57	5	0	0	43	0	976	23	9	0	0	19	23	938	40	18	0	0	23	19	NA	NA	NA	NA	NA	NA	NA
e16e14c6-2435-4b30-a53e-821de830d029	ec7dc4b7-dbf0-42bf-a240-e70fd4a3dab7	NA	NA	NA	NA	NA	NA	NA	493	0	1	0	0	0	42	471	3	31	0	0	22	0	552	0	13	0	0	5	14	540	5	19	0	0	7	4	NA	NA	NA	NA	NA	NA	NA
76ae05ce-acf3-4712-996d-09675706423f	e4d5863d-5284-4687-b63f-7a243e727f31	NA	NA	NA	NA	NA	NA	NA	1218	2	6	0	0	6	112	1167	57	31	0	0	46	0	1396	36	21	0	0	29	51	1346	35	47	0	0	60	23	NA	NA	NA	NA	NA	NA	NA
3c3d1ae6-9f70-4136-a98c-496e144e8fa3	a27102f8-ad24-4e84-8d2e-1f927c7c1e34	NA	NA	NA	NA	NA	NA	NA	822	6	14	0	0	15	88	795	32	17	0	0	31	0	915	16	16	0	0	19	48	852	26	65	0	0	88	14	NA	NA	NA	NA	NA	NA	NA
7bd32b7f-84a5-4889-9fcf-9b2e7abeb624	d1afc232-5a65-4728-b671-61f49d372300	NA	NA	NA	NA	NA	NA	NA	1218	3	3	0	0	4	133	1183	15	70	0	0	52	0	1431	3	22	0	0	10	43	1368	8	42	0	0	14	10	NA	NA	NA	NA	NA	NA	NA
366d9e04-7554-429a-ac83-46be77224726	8622a3cb-cc99-406c-a7b1-90110d1d2f1b	NA	NA	NA	NA	NA	NA	NA	853	6	0	0	0	4	75	841	32	5	0	0	30	0	946	20	9	0	0	17	33	911	47	3	0	0	27	11	925	40	8	0	0	0	0
610ef54b-24ab-4c0d-b1b9-2b0b784c96b9	83b0dc0b-2286-449e-a8d8-0f9fcb38b772	NA	NA	NA	NA	NA	NA	NA	289	1	0	0	0	0	34	277	15	3	0	0	12	0	335	11	3	0	0	3	13	321	26	1	0	0	1	1	NA	NA	NA	NA	NA	NA	NA
377beb13-5d68-4939-b1e9-dbf137385dcd	fd32d75d-e135-4b72-8dc5-4b0631ccc94a	NA	NA	NA	NA	NA	NA	NA	1215	7	2	0	0	1	74	1212	70	3	0	0	37	0	1405	53	12	0	0	12	18	1373	52	13	0	0	17	14	NA	NA	NA	NA	NA	NA	NA
1292a6e2-fcbb-41f7-b205-b7f63093b830	4f287a0e-5f84-4372-bd8a-a028a9f59412	NA	NA	NA	NA	NA	NA	NA	1823	2	5	0	0	3	146	1810	8	104	0	0	67	1	2076	16	23	0	0	26	52	2000	37	55	0	0	35	16	NA	NA	NA	NA	NA	NA	NA
0fe86c80-1e8f-40b5-b004-eee6170027ad	962b9737-d000-44bd-b901-9fd9720bbf4c	NA	NA	NA	NA	NA	NA	NA	48	6	0	0	0	1	4	36	6	2	0	0	12	0	56	3	0	0	0	0	1	57	9	1	0	0	1	0	56	9	0	0	0	0	0
95bf17cd-1535-4781-a806-f3377f28a811	db893fd1-4456-4941-bf22-c056bea95fbb	NA	NA	NA	NA	NA	NA	NA	1233	0	5	0	0	4	108	1179	56	29	0	0	41	0	1452	20	12	0	0	18	48	1381	30	15	0	0	25	14	NA	NA	NA	NA	NA	NA	NA
00014f0e-e9ab-4dd2-b96a-14e45fb99023	e6124452-6cc2-426f-8306-aa5fd05b823b	NA	NA	NA	NA	NA	NA	NA	1246	1	3	0	0	1	72	1198	10	62	0	0	52	0	1437	5	28	0	0	10	18	1411	5	40	0	0	6	14	NA	NA	NA	NA	NA	NA	NA
6127f09a-b1f1-4504-8eb7-0ed8a5d3d135	91e7fec6-980b-4d9c-bf77-c327d28d8c8d	NA	NA	NA	NA	NA	NA	NA	1234	6	1	0	0	1	84	1220	61	6	0	0	35	0	1425	52	2	0	0	7	24	1387	61	3	0	0	14	12	NA	NA	NA	NA	NA	NA	NA
3c5a08cf-138a-4a43-9faf-9352204e2ca7	c2dd6f42-dd6a-4057-acbb-3093081827a5	NA	NA	NA	NA	NA	NA	NA	1242	1	3	0	0	1	86	1219	1	85	0	0	53	0	1450	4	48	0	0	10	26	1416	12	43	0	0	11	11	1411	4	78	0	0	0	0
3ee0c8de-31b3-4481-a8b8-cce9f95ad9e3	8d8c4127-6e5d-46ad-88bf-9c85d90be10d	NA	NA	NA	NA	NA	NA	NA	837	0	4	0	0	1	75	792	18	28	0	0	30	0	957	12	19	0	1	14	29	932	4	32	0	0	12	13	NA	NA	NA	NA	NA	NA	NA
02c16140-0c21-456f-9fab-4dcadc30b3d8	c52a8b83-d17a-45bf-92c8-692ea5d03569	NA	NA	NA	NA	NA	NA	NA	1288	1	6	0	0	2	95	1260	13	37	0	0	33	0	1472	9	40	0	0	15	37	1441	2	41	0	0	9	14	NA	NA	NA	NA	NA	NA	NA
4bd4dab4-d153-4d72-b604-249ce03003f8	70c15f11-ec44-416b-8569-e139ae0724bd	NA	NA	NA	NA	NA	NA	NA	1228	1	1	0	0	1	144	1227	54	10	0	0	31	0	1418	32	6	0	1	9	30	1363	47	25	0	0	18	7	NA	NA	NA	NA	NA	NA	NA
0436f156-fa73-4e48-917f-71612cf250c1	22a57ce4-2e6b-4b39-9d85-41404075ad22	NA	NA	NA	NA	NA	NA	NA	1223	9	2	0	0	1	83	1227	62	3	0	0	32	0	1415	51	3	0	0	2	13	1382	53	15	0	0	11	5	NA	NA	NA	NA	NA	NA	NA
0cbe6d74-5ad8-4841-a901-43b15ebfd8e7	e0a1c1b9-6ec0-40b9-95a1-386dc49f4908	NA	NA	NA	NA	NA	NA	NA	487	0	0	0	0	0	71	475	1	15	0	0	13	0	569	1	4	0	0	5	11	537	7	15	0	0	3	3	536	0	7	0	0	0	0
4a7c7793-50dd-4f4e-bd35-e64ef19128a7	c48d1658-5c88-4cac-b1d4-88be8bba114f	NA	NA	NA	NA	NA	NA	NA	876	1	2	0	0	2	77	824	29	20	0	0	33	0	1007	14	7	0	0	12	22	969	27	8	0	0	7	7	NA	NA	NA	NA	NA	NA	NA
ce5874ad-93e8-4e15-ae77-fe74666d26ab	d48d6a3c-2ac8-45ee-a92b-e0b9797d6412	NA	NA	NA	NA	NA	NA	NA	800	0	0	0	0	0	79	782	4	23	0	0	23	0	925	1	3	0	0	3	12	897	5	17	0	0	7	7	882	1	16	0	0	0	0
ca64df30-7c01-424a-974e-8b811bb55313	e396859e-7364-48d6-936a-8e85e3dae612	NA	NA	NA	NA	NA	NA	NA	731	79	5	0	0	80	51	806	9	52	0	0	30	0	873	41	37	0	0	47	28	743	168	29	0	0	184	17	NA	NA	NA	NA	NA	NA	NA
41dd973a-0887-4fcb-8bfe-94d291e9cb0b	8e547c1c-65be-47da-acb7-07f29bd6b9b9	NA	NA	NA	NA	NA	NA	NA	826	0	1	0	0	0	96	802	6	53	0	0	38	0	935	5	35	0	0	9	22	901	3	42	0	0	10	9	NA	NA	NA	NA	NA	NA	NA
5b91c06f-7c6f-4e7d-b885-fd9f0a8f9926	eac91afa-8aae-4ddb-b117-cef4df3d35d4	NA	NA	NA	NA	NA	NA	NA	1232	3	2	0	0	5	94	1192	13	55	0	0	49	0	1404	14	20	0	0	24	47	1372	12	53	0	0	16	15	NA	NA	NA	NA	NA	NA	NA
4204d8ee-e80d-4282-8519-83300a32099f	49b48bb0-0744-41d0-be67-ba7083f8c4b7	NA	NA	NA	NA	NA	NA	NA	486	0	0	0	0	0	53	461	2	28	0	0	25	0	554	4	1	0	0	3	9	537	6	12	0	0	4	3	528	7	3	0	0	0	0
6713733e-d421-428e-a754-1fa980750e48	df85f3e4-9c9c-434f-b274-565de69773b6	NA	NA	NA	NA	NA	NA	NA	1253	1	3	0	0	1	125	1242	11	63	0	0	38	0	1467	6	50	0	0	16	42	1432	7	42	0	0	13	14	NA	NA	NA	NA	NA	NA	NA
0bd07dfc-5c44-4a81-9184-5ab1157cad92	f6b48aa4-6123-4281-8ff8-9aec3ccba31c	NA	NA	NA	NA	NA	NA	NA	1811	3	2	0	0	3	142	1796	23	72	0	0	55	0	2076	11	19	0	0	21	39	2008	12	52	0	0	25	14	NA	NA	NA	NA	NA	NA	NA
f1e178d4-62a2-49f7-80cc-118e976c2b5c	fea53ba9-d007-431a-986f-a2cf3d50a34a	NA	NA	NA	NA	NA	NA	NA	1223	4	4	0	0	4	110	1180	21	66	0	0	46	0	1416	9	40	0	0	20	36	1380	13	45	0	0	16	17	NA	NA	NA	NA	NA	NA	NA
8e6d0664-0442-4335-adf7-40a8e947a18c	dd549bce-3f47-4c9b-b6bc-e7c952941cb4	NA	NA	NA	NA	NA	NA	NA	1183	2	44	0	0	45	93	1225	2	65	0	0	28	0	1353	9	68	0	1	46	49	1296	14	143	0	0	125	27	NA	NA	NA	NA	NA	NA	NA
5d491edb-f07e-4ab1-8a10-9afc93f2858c	c82c0451-1e51-4b3c-aaca-aac38ac08f46	NA	NA	NA	NA	NA	NA	NA	1246	6	4	0	0	5	138	1225	32	11	0	0	27	0	1453	45	3	0	0	24	48	1389	48	16	0	0	22	18	NA	NA	NA	NA	NA	NA	NA
3026cbe8-7ba2-47c2-a6cd-65296ce6e8d0	36a5fc3c-4919-4329-bded-2272d2e580d0	NA	NA	NA	NA	NA	NA	NA	1195	22	2	0	0	22	127	1157	15	59	0	0	53	0	1354	33	19	0	0	34	62	1281	82	22	0	0	82	25	NA	NA	NA	NA	NA	NA	NA
00da1aec-ca61-4a7e-a661-a7d055ffd444	458453d7-f770-429a-9b98-aaee088998d7	NA	NA	NA	NA	NA	NA	NA	858	4	1	0	0	4	78	848	5	19	0	0	20	0	960	13	5	0	0	14	33	924	22	18	0	0	19	16	925	19	22	0	0	0	0
cfb61c88-8081-4635-9352-2e34335feaa0	f7b11245-1380-4ae1-83c5-175e5a2b74cd	NA	NA	NA	NA	NA	NA	NA	1219	5	2	0	0	5	136	1198	15	55	0	0	46	0	1439	6	24	0	0	21	51	1365	7	45	0	0	20	11	NA	NA	NA	NA	NA	NA	NA
0307bb3c-2405-40f5-a8b2-3d459297b0f7	7db885c0-05aa-41c8-aed9-900b35c322bb	NA	NA	NA	NA	NA	NA	NA	813	1	1	0	0	1	97	753	69	13	0	0	63	0	906	19	31	0	0	24	27	873	15	16	0	0	18	15	898	32	13	0	0	0	0
d2a35e1c-ed81-413b-8673-34ddd4b48722	e4b9b1e4-d4b6-4f6f-9402-8eee81371e35	NA	NA	NA	NA	NA	NA	NA	1826	2	2	0	0	3	90	1794	4	103	0	0	85	1	2112	6	7	0	0	12	21	2040	5	35	0	0	20	11	2018	3	44	0	0	0	0
dcfdd970-cc5a-4ec3-beea-e06f215ed0f5	dfb3bf2e-ca01-4d8d-b19f-ac45fa5f9692	NA	NA	NA	NA	NA	NA	NA	1227	0	0	0	0	0	75	1214	29	6	0	0	33	0	1453	0	1	0	0	0	19	1398	5	14	0	0	4	3	1382	2	13	0	0	0	0
5a85f870-243e-4d96-8dd9-2b325639afa8	dfb3bf2e-ca01-4d8d-b19f-ac45fa5f9692	NA	NA	NA	NA	NA	NA	NA	1233	0	0	0	0	0	94	1215	36	5	0	0	42	0	1450	5	2	0	0	4	18	1408	12	4	0	0	4	6	1384	4	11	0	0	0	0
2ebc98f9-2f24-4026-b58a-14870bcf4583	46f69f5d-a969-4762-ba2e-3d611880443d	NA	NA	NA	NA	NA	NA	NA	1214	2	1	0	0	2	88	1164	7	28	0	0	30	0	1445	0	4	0	0	3	26	1360	5	21	0	0	5	7	1372	14	16	0	0	0	0
27845b10-3a0c-429b-b221-24046c67ba5b	392ecd7b-9d03-4d01-9e8e-38a17e7cfad0	NA	NA	NA	NA	NA	NA	NA	718	0	0	0	0	0	52	669	18	4	0	0	18	0	842	2	0	0	0	4	11	797	3	6	0	0	0	2	805	0	9	0	0	0	0
ad6ce638-ced0-4f2d-ad5a-696026ddf666	fecdba40-eba7-474b-af75-2c4e207f1e37	NA	NA	NA	NA	NA	NA	NA	833	7	0	0	0	0	60	803	29	8	0	0	35	0	949	28	2	0	0	9	21	928	38	1	0	0	6	5	NA	NA	NA	NA	NA	NA	NA
46dc45e7-04b0-4b3b-80c3-6f253522a0e0	9d7f31ef-cc2b-4f04-ac05-17c1375d29b1	NA	NA	NA	NA	NA	NA	NA	847	0	5	0	0	0	45	819	12	34	0	0	39	0	980	1	32	0	0	7	16	959	7	46	0	0	13	6	952	3	69	0	0	0	0
14891400-238c-4db6-9340-e643e1c9b73b	ddc91ed6-e2e7-4a42-b19f-795629faa8ec	NA	NA	NA	NA	NA	NA	NA	505	5	0	0	0	1	34	486	22	1	0	0	24	0	566	18	2	0	0	2	21	553	31	5	0	0	6	4	NA	NA	NA	NA	NA	NA	NA
232be14b-c4d4-49a3-9b97-4d509f26cde8	cd1cb073-2faa-4264-b497-737fde0265bb	NA	NA	NA	NA	NA	NA	NA	631	4	37	0	0	37	57	620	67	11	0	0	38	0	741	20	30	0	0	32	43	651	40	101	0	0	100	13	NA	NA	NA	NA	NA	NA	NA
43596a05-3068-4faf-b56c-852dc716a87c	78d1799f-0d33-4660-b8ed-a40c00cb2e14	NA	NA	NA	NA	NA	NA	NA	1204	4	4	0	0	5	115	1173	11	75	0	0	42	0	1387	8	23	0	0	11	38	1350	10	51	0	0	18	13	NA	NA	NA	NA	NA	NA	NA
719d90a3-111c-44ea-b5d4-bab4d6b2332b	d3386b9c-ffa4-4622-a311-a0845a8f6313	NA	NA	NA	NA	NA	NA	NA	1831	5	1	0	0	2	175	1795	19	82	0	0	59	0	2089	4	13	0	0	15	45	2015	19	21	0	0	24	19	NA	NA	NA	NA	NA	NA	NA
7d4fae33-aead-4b52-8fa9-14d8cff7173f	dbcaebdd-fc47-4c9e-8261-ae4151763b5c	NA	NA	NA	NA	NA	NA	NA	693	2	6	0	0	2	60	670	6	33	0	0	35	0	791	4	55	0	0	4	8	769	0	41	0	0	3	6	NA	NA	NA	NA	NA	NA	NA
12ad5688-f8b7-46a9-b256-c69a0b3c3ed5	19e06cdf-5bb8-4f3e-9c66-03dad54f0879	NA	NA	NA	NA	NA	NA	NA	1234	5	1	0	0	4	143	1189	29	61	0	0	42	0	1407	8	15	0	0	15	36	1373	23	23	0	0	20	8	NA	NA	NA	NA	NA	NA	NA
2c4cfdaa-d66a-49ed-87e6-9869d64a0f0a	a37390a2-5acc-4e74-9665-d254c5bd0fcf	NA	NA	NA	NA	NA	NA	NA	1233	2	4	0	0	1	92	1201	12	76	0	0	47	0	1419	5	42	0	0	19	26	1396	5	48	0	0	9	12	NA	NA	NA	NA	NA	NA	NA
0adf3f5e-ad05-4e94-a087-f8fece29b164	31b22ead-f191-47a5-99bf-decfeac6e186	NA	NA	NA	NA	NA	NA	NA	861	5	3	0	0	4	75	817	42	9	0	0	35	0	980	12	14	0	0	19	37	940	27	36	0	0	31	18	NA	NA	NA	NA	NA	NA	NA
2642cac3-b7f4-4e15-8d5d-d3a8918dcd74	b213980b-df83-434f-b166-785d4d9b2e9b	NA	NA	NA	NA	NA	NA	NA	1207	2	6	0	0	1	93	1167	9	57	0	0	59	0	1402	9	36	0	0	14	27	1369	8	48	0	0	8	14	NA	NA	NA	NA	NA	NA	NA
c62afe26-3aee-481c-8a0f-efa8b9b59f9d	e4feaa9a-e5ed-4ba3-878c-2237e0fa6aff	NA	NA	NA	NA	NA	NA	NA	1205	0	0	0	0	0	74	1143	14	34	0	0	48	0	1426	1	6	0	0	4	23	1341	3	22	0	0	3	6	1368	1	27	0	0	0	0
0fe86c80-1e8f-40b5-b004-eee6170027ad	1985ee4b-74b3-4281-afc1-f300cbc12a5c	NA	NA	NA	NA	NA	NA	NA	52	4	0	0	0	0	3	41	1	3	0	0	8	0	59	3	0	0	0	0	0	57	9	2	0	0	2	0	60	5	0	0	0	0	0
4384cd2b-2f01-4438-a17b-86aa57c21208	95803df6-1ae2-4d17-b3a7-c8ba8a4918ca	NA	NA	NA	NA	NA	NA	NA	855	4	0	0	0	1	48	848	29	2	0	0	24	0	961	18	3	0	0	10	16	927	33	8	0	0	12	6	927	36	13	0	0	0	0
1b1a15ab-4d1f-4936-8d62-7deca7e04ecc	3495164e-c566-45cb-984a-477abe3709db	NA	NA	NA	NA	NA	NA	NA	1172	8	2	0	0	3	109	1143	46	22	0	0	40	0	1396	42	8	0	0	18	36	1335	49	11	0	0	10	17	NA	NA	NA	NA	NA	NA	NA
3bdcb581-2ef2-4c2d-8800-0e92ea3b7207	f149de53-a21b-4552-b0ce-33cfb687b716	NA	NA	NA	NA	NA	NA	NA	474	389	9	0	0	386	120	403	422	32	0	0	352	0	538	434	35	0	0	432	56	519	446	27	0	0	459	20	NA	NA	NA	NA	NA	NA	NA
282c5d6d-64fc-4cbc-b419-c97a5a6f102c	73bd4754-4d43-4c38-a643-2d6e0edc7227	NA	NA	NA	NA	NA	NA	NA	1867	3	2	0	0	4	214	1828	30	112	0	0	55	2	2162	35	18	0	0	44	53	2063	34	40	0	0	33	24	NA	NA	NA	NA	NA	NA	NA
2e8a147f-6e5d-4568-bd41-27d7b96018c0	79494914-7183-4e35-b271-83cca080ce31	NA	NA	NA	NA	NA	NA	NA	1216	1	0	0	0	1	106	1170	13	21	0	0	27	0	1430	3	2	0	0	3	24	1378	5	6	0	0	4	6	1368	20	3	0	0	0	0
0ae903de-8814-40e6-b4c6-682175d840a3	cab9b840-6322-4295-bcb0-4b1381a6d055	NA	NA	NA	NA	NA	NA	NA	1246	2	4	0	0	5	107	1198	22	51	0	0	47	0	1423	11	28	0	0	22	33	1387	14	42	0	0	15	14	NA	NA	NA	NA	NA	NA	NA
9e70c641-2d6e-40f1-9ebd-72526b401a25	c34eb7b8-52a2-4c5f-97d4-a6abf6e9acbf	NA	NA	NA	NA	NA	NA	NA	1845	3	6	0	0	5	124	1805	22	78	0	0	57	2	2117	9	39	0	0	14	38	2048	3	74	0	0	15	15	NA	NA	NA	NA	NA	NA	NA
b0fed8df-f01c-431a-8119-3f664720ff44	d812e44e-2626-4d88-a2ba-04e3d1048727	NA	NA	NA	NA	NA	NA	NA	657	0	8	0	0	2	55	633	4	37	0	0	33	0	755	4	71	0	0	15	24	715	5	65	0	0	21	16	NA	NA	NA	NA	NA	NA	NA
98d47afa-1c2b-45f3-b11d-d2d2438c51f1	ad623ee8-6813-4783-87b5-f687fbcd092a	NA	NA	NA	NA	NA	NA	NA	1208	2	0	0	0	1	93	1158	22	7	0	0	26	0	1450	2	1	0	0	3	30	1366	13	2	0	0	4	12	1382	11	20	0	0	0	0
0fe86c80-1e8f-40b5-b004-eee6170027ad	fadb39c4-953a-48ea-aaa4-fade360ff937	NA	NA	NA	NA	NA	NA	NA	20	40	0	0	0	0	0	34	8	1	0	0	14	0	58	2	0	0	0	0	0	55	8	1	0	0	1	0	57	8	0	0	0	0	0
301d9619-0c00-49da-924a-2d8bfa8d0d34	a307b7a8-ca7c-4834-9977-741bc0912981	NA	NA	NA	NA	NA	NA	NA	670	0	0	0	0	0	66	656	18	3	0	0	16	0	810	3	3	0	0	6	21	755	7	14	0	0	7	8	750	5	6	0	0	0	0
04d3e135-5e8a-4745-a151-bf232296fa21	8b9fdf57-d314-4799-af91-e7b41877fd29	NA	NA	NA	NA	NA	NA	NA	1227	4	0	0	0	0	95	1215	69	3	0	0	36	0	1423	43	2	0	0	3	27	1395	45	5	0	0	8	9	NA	NA	NA	NA	NA	NA	NA
0b74d7d8-88da-4cb3-a143-5c025fc49ddf	ee0f4120-0581-45f8-b079-091e88ac1cc1	NA	NA	NA	NA	NA	NA	NA	790	3	0	0	0	0	81	782	50	3	0	0	30	0	916	30	3	0	0	8	17	889	30	2	0	0	6	4	NA	NA	NA	NA	NA	NA	NA
8b72daf9-d9a9-44db-bdf1-8c9cdfe9a244	f1917bf1-2c8b-4eb6-ae09-b0e992e99317	NA	NA	NA	NA	NA	NA	NA	1228	5	2	0	0	2	55	1230	70	1	0	0	39	0	1433	47	3	0	0	7	21	1391	60	11	0	0	19	12	NA	NA	NA	NA	NA	NA	NA
0fe86c80-1e8f-40b5-b004-eee6170027ad	f51dc6a2-9b7b-4648-9138-8c2bd1c7c2ab	NA	NA	NA	NA	NA	NA	NA	53	3	0	0	0	2	2	41	1	4	0	0	6	0	57	2	0	0	0	0	2	60	7	0	0	0	0	1	56	9	1	0	0	0	0
8c085714-fc38-47d8-b428-1b040516796c	a1de4afa-5c17-4cb7-9ee9-95c75251c5ea	NA	NA	NA	NA	NA	NA	NA	1235	1	1	0	0	2	90	1231	59	2	0	0	37	0	1424	23	11	0	0	18	40	1402	33	11	0	0	13	12	NA	NA	NA	NA	NA	NA	NA
29aa8b9b-17f6-420e-a101-e54ecec1c22a	ab1224e7-3ebb-4b26-84f6-98bb3f059771	NA	NA	NA	NA	NA	NA	NA	1220	1	2	0	0	0	80	1221	8	5	0	0	12	0	1446	1	0	0	0	1	18	1387	8	9	0	0	2	9	1360	21	2	0	0	0	0
0fe86c80-1e8f-40b5-b004-eee6170027ad	d94e702f-951c-49c8-8375-ec9af3f607b9	NA	NA	NA	NA	NA	NA	NA	52	5	0	0	0	0	1	39	3	2	0	0	9	0	57	5	0	0	0	1	0	56	9	1	0	0	1	0	57	8	0	0	0	0	0
900b727b-6a30-45ea-a6ef-d162b21e6db7	cd577d5c-f374-460f-ac7d-db8041847729	NA	NA	NA	NA	NA	NA	NA	1230	0	5	0	0	3	158	1154	75	52	0	0	43	0	1452	13	6	0	0	15	34	1390	39	4	0	0	22	14	NA	NA	NA	NA	NA	NA	NA
6a36b77d-5ca9-4640-b145-1d0ce7331152	fb321189-b344-4c5c-9fb1-f6760154d4e8	NA	NA	NA	NA	NA	NA	NA	1190	5	24	0	0	25	100	1184	52	10	0	0	42	0	1393	35	6	0	0	15	40	1353	41	29	0	0	47	13	NA	NA	NA	NA	NA	NA	NA
dc8d4245-8338-4d25-9e57-03963be9cba4	ee6bf4b5-d13a-4336-9059-ad6eb9e7f264	NA	NA	NA	NA	NA	NA	NA	716	0	0	0	0	0	45	695	26	2	0	0	25	0	830	0	5	0	0	4	12	788	7	8	0	0	5	4	789	5	11	0	0	0	0
9bbae086-1705-4d2d-bec0-5c7995fe8c48	a524f6cf-8ec6-42ed-8e59-81fe804a7da2	NA	NA	NA	NA	NA	NA	NA	503	2	0	0	0	0	71	477	22	7	0	0	25	0	570	15	3	0	0	4	28	546	30	5	0	0	4	7	NA	NA	NA	NA	NA	NA	NA
55140e09-a22a-443c-83e5-afa7158d5159	a17b0a2c-84c1-4a02-90b7-0b329151f724	NA	NA	NA	NA	NA	NA	NA	1222	10	1	0	0	1	90	1202	75	7	0	0	57	0	1414	53	2	0	0	4	16	1386	64	1	0	0	6	13	NA	NA	NA	NA	NA	NA	NA
d2e08637-4ca0-4c0d-8b1d-03c6e17bd94c	e9f9f0ca-505f-4437-a34c-0f6af207c827	NA	NA	NA	NA	NA	NA	NA	1191	13	5	0	0	6	49	1178	85	3	0	0	54	0	1383	57	4	0	0	7	27	1350	51	18	0	0	16	16	NA	NA	NA	NA	NA	NA	NA
0485d982-df49-49a8-a3b8-831a54274d6d	9cd06eeb-3b87-46c8-9e08-1b69628ac565	NA	NA	NA	NA	NA	NA	NA	1247	2	6	0	0	6	125	1219	47	15	0	0	30	0	1452	23	1	0	1	20	58	1395	39	13	0	0	17	8	NA	NA	NA	NA	NA	NA	NA
72d0de45-6a94-4ef7-b616-b085923d39c7	980afaf7-adcf-4756-9a7f-6dfba75df6ec	NA	NA	NA	NA	NA	NA	NA	1818	9	3	0	0	3	113	1826	70	15	0	0	53	2	2096	62	10	0	0	13	31	2039	70	13	0	0	19	13	NA	NA	NA	NA	NA	NA	NA
6b21d7bc-347e-41c0-b838-eacc4ba382ee	7b05df63-235b-491c-a718-5d9f362c7036	NA	NA	NA	NA	NA	NA	NA	1785	9	1	0	0	0	136	1800	86	8	0	0	61	1	2038	42	3	0	0	12	50	1996	59	13	0	0	22	12	NA	NA	NA	NA	NA	NA	NA
312ebfbd-a7fa-4790-86cb-610d46da8b9a	c7330191-9a1a-4b87-98f3-a05e7913a21e	NA	NA	NA	NA	NA	NA	NA	242	0	4	0	1	0	22	233	0	13	0	0	12	0	281	0	15	0	0	3	7	270	0	25	0	0	2	1	NA	NA	NA	NA	NA	NA	NA
b6cdd2ae-32c1-4e41-8bef-d5c16f5825ff	d8eaaf36-64d7-421d-9fbf-c14761a6df43	NA	NA	NA	NA	NA	NA	NA	1208	2	3	0	0	2	106	1193	6	52	0	0	36	0	1404	19	37	0	0	25	44	1357	16	58	0	0	17	18	1379	3	76	0	0	0	0
3bfd268e-6e32-4cee-9474-14c5a2684ff9	c7d19d18-afc0-4cc5-8959-0dad764a35d1	NA	NA	NA	NA	NA	NA	NA	1868	2	2	0	1	3	147	1843	22	60	0	0	42	1	2128	14	20	0	0	29	54	2054	15	31	0	0	27	22	NA	NA	NA	NA	NA	NA	NA
7b2a6689-add4-4795-8955-7a56d48710e6	8db282a7-3ae4-433e-bdea-a07efc0b1891	NA	NA	NA	NA	NA	NA	NA	1827	3	0	0	0	3	93	1743	19	54	0	0	72	0	2116	3	1	0	0	4	21	2009	15	16	0	0	10	8	2016	13	13	0	0	0	0
249c85cb-4039-4c2b-b35e-8911a0220f3d	45f9c4ae-8afa-4520-a129-09d396eb32e2	NA	NA	NA	NA	NA	NA	NA	1195	3	6	0	0	3	79	1162	13	61	0	0	44	0	1390	4	50	0	0	7	38	1346	23	52	0	0	20	13	NA	NA	NA	NA	NA	NA	NA
1f715131-61da-4426-af05-8244c9433ecf	cf5c5971-82a4-4728-b5d9-91f607141520	NA	NA	NA	NA	NA	NA	NA	1842	12	2	0	0	4	88	1815	50	15	0	0	62	1	2110	38	11	0	0	19	32	2061	68	13	0	0	21	14	NA	NA	NA	NA	NA	NA	NA
3033d96d-dd75-4c28-baae-1d94b63881a2	a69f271d-7b99-4a75-bfbc-6c7a10e59064	NA	NA	NA	NA	NA	NA	NA	1216	1	0	0	0	0	165	1179	59	14	0	0	62	0	1379	3	52	0	0	40	42	1343	10	37	0	0	24	26	1367	28	11	0	0	0	0
0d4f800a-5271-4717-8a2b-8d17f922dbf1	ed514624-344c-48e0-b600-7883af04440b	NA	NA	NA	NA	NA	NA	NA	1209	2	3	0	0	2	101	1192	9	65	0	0	44	0	1399	8	36	0	0	12	36	1370	14	53	0	0	19	13	NA	NA	NA	NA	NA	NA	NA
05eac4ca-e07b-471c-be1f-96bc614c0f38	6a6e996e-0d2b-4552-a3cf-e118203c1e45	NA	NA	NA	NA	NA	NA	NA	1757	85	9	0	0	85	134	1838	7	76	0	0	55	1	2034	33	32	0	0	42	44	1895	135	63	0	0	170	26	NA	NA	NA	NA	NA	NA	NA
0fe86c80-1e8f-40b5-b004-eee6170027ad	fa701e84-b063-425d-bad7-4a3d7171e40d	NA	NA	NA	NA	NA	NA	NA	43	17	0	0	0	0	7	42	0	3	0	0	8	0	62	0	0	0	0	0	1	64	3	2	0	0	2	2	63	2	0	0	0	0	0
5cb231dc-ef6b-4741-a737-19f04158c953	f9915c2b-9c25-4994-8ff3-2b6cb6e77adf	NA	NA	NA	NA	NA	NA	NA	760	0	0	0	0	0	59	728	39	4	0	0	44	0	871	2	1	0	0	1	15	835	13	1	0	0	1	5	837	8	7	0	0	0	0
2383b17e-82de-4bad-addd-6031f6a345f1	3729fa2a-e4b8-4745-b0fd-1af757277b87	NA	NA	NA	NA	NA	NA	NA	742	1	12	0	0	12	70	744	37	7	0	0	28	0	863	14	12	0	0	13	30	812	34	34	0	0	45	10	NA	NA	NA	NA	NA	NA	NA
5bf3f269-6ca1-405d-9cc5-8ce2ccb25cb2	85d4b6b1-6c09-4626-8d02-1d1cef241af2	NA	NA	NA	NA	NA	NA	NA	1804	11	8	0	0	4	133	1782	96	11	0	0	71	0	2071	42	7	0	0	12	28	2003	68	14	0	0	25	16	2027	80	7	0	0	0	0
58507156-ad23-4f5b-956f-39c7c2ae62d0	ae33f3d1-e9e2-404a-afb8-6db63a39ad36	NA	NA	NA	NA	NA	NA	NA	1235	3	2	0	0	3	129	1214	24	36	0	0	31	0	1446	23	22	0	0	29	38	1408	31	34	0	0	23	16	NA	NA	NA	NA	NA	NA	NA
0fe86c80-1e8f-40b5-b004-eee6170027ad	8a3fd25f-6b81-4ce7-8d96-38ae7d44cada	NA	NA	NA	NA	NA	NA	NA	58	1	0	0	0	1	15	39	3	2	0	0	5	0	63	0	0	0	0	0	0	59	5	2	0	0	1	0	63	2	0	0	0	0	0
54dceb2a-f20a-400f-89d8-316825b9a1f4	9793b76c-2068-4a10-94c0-212ed1cb66f3	NA	NA	NA	NA	NA	NA	NA	1241	5	2	0	0	2	139	1215	50	18	0	0	40	0	1452	51	1	0	1	14	52	1385	47	18	0	0	19	11	NA	NA	NA	NA	NA	NA	NA
49ab75c9-f78a-4238-9f6a-7f12912fa185	ecc28046-e059-43bb-9a8a-77f8124e52e1	NA	NA	NA	NA	NA	NA	NA	1225	1	1	0	0	1	93	1202	9	67	0	0	49	0	1391	5	34	0	0	13	51	1361	14	38	0	0	16	12	NA	NA	NA	NA	NA	NA	NA
8606e408-49ef-41c3-a3b7-8487c5b9abd4	c3d24de1-07e9-43df-a86a-df61cc53583b	NA	NA	NA	NA	NA	NA	NA	865	0	5	0	0	2	87	818	20	19	0	0	19	0	985	3	29	0	0	12	32	960	5	27	0	0	12	7	NA	NA	NA	NA	NA	NA	NA
535cc497-bd10-46ed-b3c7-f0ff07caba4a	6fe1b2d4-92f6-489c-b4ee-380fcc7008cc	NA	NA	NA	NA	NA	NA	NA	1210	2	2	0	0	2	117	1194	49	14	0	0	29	0	1400	33	8	0	0	14	44	1377	35	11	0	0	14	19	NA	NA	NA	NA	NA	NA	NA
0b55eba7-9efa-46d0-b17e-15ec64159ca8	63817a41-6ec5-4040-880c-69c1f1ad25f8	NA	NA	NA	NA	NA	NA	NA	731	6	0	0	0	0	62	726	50	1	0	0	27	0	852	45	4	0	0	9	27	809	43	8	0	0	11	6	NA	NA	NA	NA	NA	NA	NA
b7817477-68b0-4f83-acb0-8c6543bf8e4d	f082dde8-1fd9-48b5-ad6c-24f4bac69f66	NA	NA	NA	NA	NA	NA	NA	841	6	0	0	0	1	73	823	60	1	0	0	37	0	948	42	1	0	0	1	15	925	37	3	0	0	6	7	NA	NA	NA	NA	NA	NA	NA
92fa6cda-d555-4f3d-9864-021059f0219a	eff2701f-f07c-4d3d-9d8b-8bca75a17b52	NA	NA	NA	NA	NA	NA	NA	1224	1	1	0	0	2	104	1188	24	50	0	0	34	0	1415	12	10	0	0	15	41	1367	8	37	0	0	23	11	NA	NA	NA	NA	NA	NA	NA
998da133-68be-4752-84db-cd86a0c03baf	ff8100dd-2c81-4fb5-9e56-7def6e7d9d7a	NA	NA	NA	NA	NA	NA	NA	1223	1	4	0	0	1	111	1197	11	39	0	0	41	0	1401	1	41	0	0	11	29	1364	0	59	0	0	16	17	NA	NA	NA	NA	NA	NA	NA
1c2b7e72-4cc4-423a-8143-eb2a9b80d854	6c22a771-bcd3-4c23-9639-04406dd59562	NA	NA	NA	NA	NA	NA	NA	485	0	0	0	0	0	89	447	7	9	0	0	18	0	595	3	0	0	0	5	12	566	1	8	0	0	2	3	554	14	1	0	0	0	0
5dd4b7a3-21d4-44bf-b3d8-33b06d2ac8a8	95621569-ebda-4788-ad34-004127b16f74	NA	NA	NA	NA	NA	NA	NA	682	5	0	0	1	2	75	665	44	4	0	0	23	0	801	19	2	0	0	9	23	764	27	7	0	0	12	9	NA	NA	NA	NA	NA	NA	NA
3b91a1a9-3989-4d27-82fe-ef9a843b055c	b79f4425-ff1a-4047-9140-d6b65a11a8f6	NA	NA	NA	NA	NA	NA	NA	739	2	0	0	0	0	86	711	29	5	0	0	32	0	837	21	5	0	0	14	24	815	29	5	0	1	8	11	NA	NA	NA	NA	NA	NA	NA
2d0f43be-bcea-4ee1-a550-d8601623cf4c	f7c0be23-6e7b-4a52-b452-0654aeb9c90a	NA	NA	NA	NA	NA	NA	NA	1789	1	1	0	0	1	119	1725	29	25	0	0	49	1	2066	3	3	0	0	12	22	1954	3	19	0	0	10	9	1983	1	44	0	0	0	0
